density,density*u,density*v,density*w,energy
1.16,800.148,-0.000429566,-5.72205e-06,510824
1.16002,800.153,-0.00127704,-1.04904e-05,510827
1.16003,800.16,-0.00161562,-4.76837e-06,510833
1.16005,800.169,-0.00171904,-2.86102e-06,510840
1.16007,800.179,-0.00176068,3.8147e-06,510847
1.16008,800.188,-0.00182479,9.53674e-06,510855
1.1601,800.198,-0.00186481,5.72205e-06,510863
1.16012,800.208,-0.00181803,5.72205e-06,510870
1.16014,800.218,-0.0017497,-2.86102e-06,510878
1.16016,800.227,-0.00168704,-7.62939e-06,510885
1.16017,800.236,-0.00161031,0,510892
1.16019,800.245,-0.00152,3.8147e-06,510899
1.16021,800.253,-0.00139209,4.76837e-06,510905
1.16022,800.26,-0.00123868,3.8147e-06,510910
1.16023,800.266,-0.00107287,-5.72205e-06,510915
1.16024,800.271,-0.000943118,-5.72205e-06,510919
1.16025,800.276,-0.000846376,-9.53674e-07,510923
1.16026,800.281,-0.00075563,3.8147e-06,510926
1.16027,800.284,-0.000599885,1.04904e-05,510929
1.16027,800.287,-0.000429389,2.86102e-06,510932
1.16028,800.289,-0.000356797,-1.90735e-06,510933
1.16028,800.291,-0.000330029,9.53674e-07,510935
1.16028,800.293,-0.000264596,-9.53674e-07,510936
1.16028,800.294,-0.000159483,-5.72205e-06,510937
1.16029,800.294,-4.10484e-05,-1.04904e-05,510937
1.16001,800.15,-0.000847756,-3.8147e-06,510825
1.16002,800.154,-0.00285079,-1.52588e-05,510828
1.16003,800.161,-0.0040081,-1.43051e-05,510833
1.16005,800.169,-0.00444831,-7.62939e-06,510840
1.16007,800.179,-0.00459383,9.53674e-06,510847
1.16008,800.188,-0.00469729,1.90735e-05,510855
1.1601,800.198,-0.00475351,1.33514e-05,510863
1.16012,800.208,-0.00467877,8.58307e-06,510870
1.16014,800.218,-0.0044585,-3.8147e-06,510878
1.16016,800.227,-0.00428105,2.86102e-06,510885
1.16017,800.236,-0.0041065,0,510892
1.16019,800.245,-0.00384764,4.76837e-06,510898
1.16021,800.252,-0.00351484,1.62125e-05,510904
1.16022,800.26,-0.00315494,8.58307e-06,510910
1.16023,800.266,-0.00276576,-5.72205e-06,510915
1.16024,800.271,-0.00244619,-1.33514e-05,510919
1.16025,800.276,-0.00218103,-8.58307e-06,510923
1.16026,800.28,-0.00188624,-2.86102e-06,510926
1.16027,800.284,-0.00150013,-1.90735e-06,510929
1.16027,800.287,-0.00115267,9.53674e-06,510931
1.16028,800.289,-0.000958201,2.19345e-05,510933
1.16028,800.291,-0.000817321,2.09808e-05,510935
1.16028,800.293,-0.000598851,1.33514e-05,510936
1.16028,800.294,-0.000326302,0,510937
1.16028,800.294,-9.14322e-05,-4.76837e-06,510937
1.16001,800.152,-0.00125695,1.90735e-06,510826
1.16002,800.155,-0.00427703,-8.58307e-06,510829
1.16003,800.162,-0.00636973,-2.86102e-06,510834
1.16005,800.17,-0.00729061,1.90735e-06,510840
1.16007,800.179,-0.00765156,1.62125e-05,510848
1.16008,800.188,-0.00779132,1.14441e-05,510855
1.1601,800.198,-0.00783209,-2.86102e-06,510863
1.16012,800.208,-0.00769733,-9.53674e-07,510870
1.16014,800.218,-0.00739868,5.72205e-06,510878
1.16016,800.227,-0.00712282,7.62939e-06,510885
1.16017,800.236,-0.00680214,9.53674e-07,510892
1.16019,800.244,-0.00635965,5.72205e-06,510898
1.16021,800.252,-0.00581141,7.62939e-06,510904
1.16022,800.259,-0.00520981,9.53674e-06,510910
1.16023,800.265,-0.00462735,8.58307e-06,510915
1.16024,800.271,-0.00406289,-9.53674e-07,510919
1.16025,800.276,-0.00356948,-8.58307e-06,510923
1.16026,800.28,-0.00308419,-1.23978e-05,510926
1.16027,800.284,-0.00251515,-1.90735e-06,510929
1.16027,800.287,-0.00200285,1.81198e-05,510931
1.16028,800.289,-0.00162668,3.91006e-05,510933
1.16028,800.291,-0.00128292,3.8147e-05,510935
1.16028,800.292,-0.000917393,2.47955e-05,510936
1.16028,800.293,-0.000504753,1.04904e-05,510936
1.16028,800.294,-0.000145999,9.53674e-07,510937
1.16001,800.154,-0.00172593,-9.53674e-07,510828
1.16002,800.158,-0.00559992,-3.8147e-06,510831
1.16004,800.163,-0.00846847,-1.90735e-06,510835
1.16005,800.17,-0.0100388,8.58307e-06,510841
1.16007,800.179,-0.0106995,7.62939e-06,510848
1.16008,800.189,-0.0109146,-7.62939e-06,510855
1.1601,800.198,-0.01093,-1.43051e-05,510863
1.16012,800.208,-0.0107236,-7.62939e-06,510870
1.16014,800.217,-0.0103559,2.86102e-06,510878
1.16016,800.227,-0.00996697,1.52588e-05,510885
1.16017,800.236,-0.00951497,1.62125e-05,510891
1.16019,800.244,-0.00889137,-4.76837e-06,510898
1.1602,800.252,-0.00810511,-9.53674e-06,510904
1.16022,800.259,-0.00730609,-1.33514e-05,510910
1.16023,800.265,-0.00652687,-9.53674e-06,510914
1.16024,800.27,-0.00573657,-1.62125e-05,510919
1.16025,800.275,-0.00500086,-1.52588e-05,510923
1.16026,800.28,-0.00427404,-9.53674e-06,510926
1.16026,800.283,-0.0035299,2.86102e-06,510929
1.16027,800.286,-0.00286533,2.47955e-05,510931
1.16027,800.289,-0.00231201,4.95911e-05,510933
1.16028,800.291,-0.00177496,4.95911e-05,510934
1.16028,800.292,-0.00121507,3.91006e-05,510935
1.16028,800.293,-0.000670566,2.47955e-05,510936
1.16028,800.293,-0.000211781,2.00272e-05,510936
1.16001,800.157,-0.00226809,-6.67572e-06,510830
1.16003,800.16,-0.00692947,8.58307e-06,510833
1.16004,800.165,-0.0103244,5.72205e-06,510837
1.16005,800.172,-0.0124043,9.53674e-07,510842
1.16007,800.18,-0.0135567,4.76837e-06,510848
1.16008,800.189,-0.0140223,-9.53674e-07,510855
1.1601,800.198,-0.0140333,-8.58307e-06,510863
1.16012,800.208,-0.0137719,-1.23978e-05,510870
1.16014,800.217,-0.0133261,9.53674e-07,510877
1.16016,800.226,-0.0128176,4.76837e-06,510884
1.16017,800.235,-0.0122148,1.90735e-06,510891
1.16019,800.243,-0.0113853,-1.52588e-05,510898
1.1602,800.251,-0.01038,-1.71661e-05,510904
1.16022,800.258,-0.00939926,-2.86102e-05,510909
1.16023,800.264,-0.00843045,-3.91006e-05,510914
1.16024,800.27,-0.00745271,-4.3869e-05,510918
1.16025,800.275,-0.00646245,-3.05176e-05,510922
1.16026,800.279,-0.00544361,-1.23978e-05,510925
1.16026,800.283,-0.00453042,1.14441e-05,510928
1.16027,800.286,-0.00372756,3.24249e-05,510930
1.16027,800.288,-0.00300673,4.57764e-05,510932
1.16028,800.29,-0.00227481,5.24521e-05,510934
1.16028,800.291,-0.00151502,4.95911e-05,510935
1.16028,800.293,-0.000846966,4.3869e-05,510936
1.16028,800.293,-0.000267356,3.33786e-05,510936
1.16001,800.16,-0.00284938,-5.72205e-06,510833
1.16003,800.163,-0.00832171,0,510835
1.16004,800.168,-0.0120326,2.86102e-06,510839
1.16006,800.174,-0.0144775,-1.90735e-06,510844
1.16007,800.181,-0.016028,-1.90735e-06,510849
1.16009,800.189,-0.016858,6.67572e-06,510856
1.1601,800.198,-0.0171229,-4.76837e-06,510862
1.16012,800.207,-0.0168546,-1.62125e-05,510870
1.16014,800.216,-0.0162835,-1.04904e-05,510877
1.16015,800.226,-0.0156401,-7.62939e-06,510884
1.16017,800.234,-0.0148568,-6.67572e-06,510891
1.16019,800.242,-0.0138509,-1.81198e-05,510897
1.1602,800.25,-0.0126653,-3.33786e-05,510903
1.16021,800.257,-0.0114818,-2.86102e-05,510908
1.16023,800.263,-0.0103238,-4.29153e-05,510913
1.16024,800.269,-0.00914881,-5.24521e-05,510917
1.16025,800.274,-0.0078719,-4.95911e-05,510921
1.16025,800.278,-0.00664534,-2.67029e-05,510925
1.16026,800.282,-0.00555568,-3.8147e-06,510927
1.16027,800.285,-0.00460466,8.58307e-06,510930
1.16027,800.288,-0.00370451,3.43323e-05,510932
1.16028,800.289,-0.00276828,4.3869e-05,510933
1.16028,800.291,-0.00184735,4.95911e-05,510934
1.16028,800.292,-0.00105293,4.86374e-05,510935
1.16028,800.293,-0.000345136,4.57764e-05,510936
1.16002,800.164,-0.00345471,-1.14441e-05,510836
1.16004,800.167,-0.00973419,-2.19345e-05,510838
1.16005,800.171,-0.0136508,-9.53674e-06,510841
1.16006,800.176,-0.016323,-7.62939e-06,510845
1.16007,800.182,-0.0182162,-1.04904e-05,510850
1.16009,800.19,-0.0194351,-6.67572e-06,510856
1.1601,800.198,-0.0199589,-7.62939e-06,510862
1.16012,800.207,-0.0198092,-1.81198e-05,510869
1.16014,800.216,-0.0192383,-2.47955e-05,510876
1.16015,800.225,-0.0184321,-2.76566e-05,510883
1.16017,800.233,-0.0174186,-2.00272e-05,510890
1.16018,800.241,-0.0162795,-1.43051e-05,510896
1.1602,800.249,-0.0149559,-1.81198e-05,510902
1.16021,800.255,-0.0135747,-2.09808e-05,510907
1.16022,800.262,-0.0122185,-2.86102e-05,510912
1.16023,800.268,-0.0107949,-4.1008e-05,510917
1.16024,800.272,-0.00928354,-5.72205e-05,510921
1.16025,800.277,-0.0078668,-5.43594e-05,510924
1.16026,800.281,-0.00661443,-4.19617e-05,510927
1.16027,800.284,-0.00547862,-3.24249e-05,510929
1.16027,800.287,-0.00437627,4.76837e-06,510931
1.16027,800.289,-0.00326975,4.3869e-05,510933
1.16028,800.29,-0.00222578,5.81741e-05,510934
1.16028,800.291,-0.0012874,5.53131e-05,510935
1.16028,800.292,-0.00042291,4.3869e-05,510935
1.16002,800.168,-0.00406642,-1.90735e-05,510839
1.16004,800.17,-0.0110712,-2.57492e-05,510841
1.16006,800.174,-0.0151679,-1.81198e-05,510844
1.16007,800.178,-0.0180426,-1.81198e-05,510847
1.16008,800.184,-0.0201867,-1.33514e-05,510852
1.16009,800.191,-0.0216837,-6.67572e-06,510857
1.1601,800.198,-0.0225039,-1.23978e-05,510863
1.16012,800.207,-0.0226834,-2.19345e-05,510869
1.16013,800.215,-0.02219,-1.52588e-05,510876
1.16015,800.224,-0.0211601,-1.90735e-05,510883
1.16017,800.232,-0.0199373,-1.04904e-05,510889
1.16018,800.24,-0.018692,3.8147e-06,510895
1.1602,800.247,-0.017272,-4.76837e-06,510901
1.16021,800.254,-0.0156792,3.8147e-06,510906
1.16022,800.26,-0.0140852,8.58307e-06,510911
1.16023,800.266,-0.0124338,-1.90735e-05,510916
1.16024,800.271,-0.01075,-5.62668e-05,510920
1.16025,800.276,-0.00913918,-7.15256e-05,510923
1.16026,800.28,-0.00767332,-5.24521e-05,510926
1.16026,800.283,-0.00633214,-3.14713e-05,510928
1.16027,800.285,-0.0050493,8.58307e-06,510930
1.16027,800.287,-0.00381423,4.95911e-05,510932
1.16028,800.289,-0.00266574,6.10352e-05,510933
1.16028,800.29,-0.00156105,5.81741e-05,510934
1.16028,800.291,-0.000497827,3.8147e-05,510935
1.16002,800.172,-0.00464011,-1.23978e-05,510843
1.16005,800.174,-0.0123558,-2.47955e-05,510844
1.16006,800.177,-0.0166416,-2.38419e-05,510846
1.16007,800.181,-0.0196395,-3.14713e-05,510849
1.16008,800.186,-0.0219323,-1.71661e-05,510853
1.16009,800.193,-0.0236973,-1.43051e-05,510858
1.1601,800.199,-0.0248133,-1.23978e-05,510864
1.16012,800.207,-0.0252093,-1.43051e-05,510869
1.16013,800.214,-0.0248461,2.86102e-06,510875
1.16015,800.222,-0.0238175,4.76837e-06,510882
1.16016,800.231,-0.0224896,2.86102e-06,510888
1.16018,800.239,-0.0210852,9.53674e-06,510894
1.16019,800.246,-0.0194923,1.90735e-06,510900
1.16021,800.253,-0.0177551,1.81198e-05,510905
1.16022,800.259,-0.015965,2.76566e-05,510910
1.16023,800.264,-0.0141034,-1.90735e-06,510914
1.16024,800.27,-0.0122087,-4.76837e-05,510918
1.16025,800.274,-0.0104216,-6.38962e-05,510922
1.16026,800.278,-0.00875712,-5.24521e-05,510925
1.16026,800.281,-0.00721523,-2.38419e-05,510927
1.16027,800.284,-0.00577327,1.33514e-05,510929
1.16027,800.286,-0.0044122,3.71933e-05,510931
1.16027,800.288,-0.00312014,4.673e-05,510932
1.16028,800.289,-0.00185674,4.76837e-05,510933
1.16028,800.29,-0.000610576,4.19617e-05,510934
1.16002,800.177,-0.00517622,-1.81198e-05,510846
1.16005,800.177,-0.0136775,-1.71661e-05,510846
1.16007,800.18,-0.0180991,-2.76566e-05,510848
1.16008,800.184,-0.0211252,-2.00272e-05,510851
1.16009,800.189,-0.0235474,-1.71661e-05,510855
1.1601,800.194,-0.0255239,-1.04904e-05,510860
1.16011,800.2,-0.0269421,0,510864
1.16012,800.207,-0.0275031,6.67572e-06,510870
1.16013,800.214,-0.0272394,6.67572e-06,510875
1.16015,800.221,-0.0263761,9.53674e-06,510881
1.16016,800.229,-0.0250443,8.58307e-06,510887
1.16018,800.237,-0.0234154,6.67572e-06,510893
1.16019,800.244,-0.0216757,9.53674e-06,510899
1.1602,800.251,-0.0198016,2.57492e-05,510904
1.16021,800.257,-0.0178344,4.3869e-05,510909
1.16023,800.263,-0.0157924,1.33514e-05,510913
1.16024,800.268,-0.0136843,-3.05176e-05,510917
1.16024,800.272,-0.0117028,-4.19617e-05,510920
1.16025,800.276,-0.00987954,-4.673e-05,510923
1.16026,800.28,-0.00816183,-2.76566e-05,510926
1.16026,800.282,-0.00654767,-2.86102e-06,510928
1.16027,800.285,-0.00503621,-3.8147e-06,510930
1.16027,800.286,-0.0035857,1.90735e-06,510931
1.16027,800.288,-0.00215413,1.71661e-05,510932
1.16027,800.288,-0.000731103,3.43323e-05,510933
1.16003,800.181,-0.00571111,-2.47955e-05,510850
1.16005,800.181,-0.01488,-2.38419e-05,510849
1.16007,800.183,-0.0194953,-1.90735e-05,510851
1.16008,800.186,-0.0225554,3.8147e-06,510853
1.16009,800.191,-0.0250994,1.14441e-05,510857
1.1601,800.196,-0.0272644,2.86102e-06,510861
1.16011,800.202,-0.0287347,9.53674e-07,510865
1.16012,800.207,-0.0294752,1.90735e-06,510870
1.16013,800.213,-0.0294636,6.67572e-06,510875
1.16015,800.22,-0.0287423,7.62939e-06,510880
1.16016,800.228,-0.0274237,0,510886
1.16017,800.235,-0.0257347,-3.8147e-06,510892
1.16019,800.242,-0.0238741,1.71661e-05,510897
1.1602,800.249,-0.0218251,4.86374e-05,510902
1.16021,800.255,-0.0196718,2.86102e-05,510907
1.16022,800.261,-0.0174569,5.72205e-06,510911
1.16023,800.266,-0.0151695,-8.58307e-06,510915
1.16024,800.27,-0.0130073,-8.58307e-06,510919
1.16025,800.274,-0.0110279,-3.33786e-05,510922
1.16025,800.278,-0.00914649,-4.19617e-05,510924
1.16026,800.281,-0.00735814,-3.33786e-05,510927
1.16026,800.283,-0.00567716,-2.67029e-05,510929
1.16027,800.285,-0.00408155,-3.71933e-05,510930
1.16027,800.286,-0.00246056,-2.19345e-05,510931
1.16027,800.287,-0.000816576,-5.72205e-06,510932
1.16003,800.186,-0.0062123,-2.38419e-05,510853
1.16006,800.185,-0.0160523,-1.90735e-05,510852
1.16008,800.186,-0.020837,-1.71661e-05,510853
1.16009,800.189,-0.02402,1.14441e-05,510856
1.1601,800.193,-0.0266158,1.04904e-05,510859
1.1601,800.198,-0.0287263,9.53674e-07,510863
1.16011,800.203,-0.030286,0,510867
1.16012,800.208,-0.0311939,-9.53674e-07,510871
1.16013,800.213,-0.0313627,6.67572e-06,510875
1.16014,800.219,-0.0308286,1.04904e-05,510880
1.16016,800.226,-0.0296968,-9.53674e-07,510884
1.16017,800.233,-0.028069,-7.62939e-06,510890
1.16018,800.24,-0.0260933,1.43051e-05,510895
1.1602,800.247,-0.0238742,4.1008e-05,510901
1.16021,800.253,-0.0215015,2.47955e-05,510905
1.16022,800.258,-0.0190815,8.58307e-06,510910
1.16023,800.264,-0.0166531,0,510914
1.16024,800.268,-0.0143492,-9.53674e-06,510917
1.16024,800.272,-0.0121758,-2.67029e-05,510920
1.16025,800.276,-0.0101281,-3.8147e-05,510923
1.16026,800.279,-0.00819613,-3.14713e-05,510925
1.16026,800.281,-0.00636601,-2.95639e-05,510927
1.16027,800.283,-0.00462148,-2.09808e-05,510929
1.16027,800.285,-0.00277331,-2.57492e-05,510930
1.16027,800.286,-0.000900311,-1.90735e-05,510931
1.16003,800.19,-0.00669532,1.33514e-05,510857
1.16006,800.189,-0.0172164,-4.76837e-06,510855
1.16008,800.189,-0.0222354,0,510855
1.16009,800.191,-0.0254715,1.71661e-05,510858
1.1601,800.195,-0.0279636,2.47955e-05,510861
1.16011,800.2,-0.0300309,2.57492e-05,510864
1.16012,800.204,-0.0316285,1.90735e-05,510868
1.16012,800.209,-0.032682,1.23978e-05,510871
1.16013,800.214,-0.0330679,1.52588e-05,510875
1.16014,800.219,-0.0326835,1.90735e-05,510879
1.16015,800.225,-0.0317017,1.52588e-05,510884
1.16017,800.231,-0.0302226,8.58307e-06,510889
1.16018,800.238,-0.0282674,1.43051e-05,510894
1.16019,800.245,-0.025946,2.67029e-05,510899
1.1602,800.25,-0.0233609,1.43051e-05,510904
1.16021,800.256,-0.020709,2.86102e-06,510908
1.16022,800.261,-0.0181096,3.8147e-06,510912
1.16023,800.266,-0.0156453,-5.72205e-06,510915
1.16024,800.27,-0.013323,-2.09808e-05,510919
1.16025,800.274,-0.0111395,-2.28882e-05,510921
1.16025,800.277,-0.00907516,-2.09808e-05,510924
1.16026,800.279,-0.00710732,-1.04904e-05,510926
1.16026,800.281,-0.00515877,-2.09808e-05,510928
1.16026,800.283,-0.00309108,-2.95639e-05,510929
1.16027,800.284,-0.00101677,-3.52859e-05,510929
1.16003,800.195,-0.00719597,-9.53674e-07,510860
1.16007,800.193,-0.0184169,-1.14441e-05,510859
1.16008,800.192,-0.0236433,-7.62939e-06,510858
1.1601,800.194,-0.0267996,3.8147e-06,510860
1.1601,800.198,-0.0292069,2.95639e-05,510862
1.16011,800.202,-0.0312206,3.43323e-05,510866
1.16012,800.206,-0.032812,3.52859e-05,510869
1.16013,800.21,-0.0339793,2.95639e-05,510872
1.16013,800.214,-0.0345544,2.76566e-05,510875
1.16014,800.219,-0.034372,1.90735e-05,510879
1.16015,800.224,-0.0335247,1.81198e-05,510883
1.16016,800.23,-0.0322003,1.33514e-05,510888
1.16017,800.236,-0.0303752,5.72205e-06,510892
1.16019,800.242,-0.0279532,1.90735e-06,510897
1.1602,800.248,-0.0251912,-1.90735e-06,510902
1.16021,800.254,-0.0223645,-1.43051e-05,510906
1.16022,800.259,-0.0195827,-8.58307e-06,510910
1.16023,800.263,-0.0169486,-1.52588e-05,510914
1.16024,800.268,-0.0144863,-2.47955e-05,510917
1.16024,800.271,-0.0121819,-1.62125e-05,510920
1.16025,800.275,-0.00997202,-1.71661e-05,510922
1.16025,800.277,-0.00786168,-6.67572e-06,510924
1.16026,800.279,-0.00569817,-5.72205e-06,510926
1.16026,800.281,-0.0034198,-1.62125e-05,510927
1.16026,800.282,-0.00113128,-1.71661e-05,510928
1.16004,800.201,-0.00769585,-4.86374e-05,510864
1.16007,800.197,-0.0195904,-4.95911e-05,510862
1.16009,800.194,-0.0249315,-2.67029e-05,510860
1.1601,800.196,-0.0280466,-9.53674e-07,510862
1.16011,800.2,-0.0303773,2.57492e-05,510864
1.16011,800.203,-0.0323552,3.14713e-05,510867
1.16012,800.207,-0.0339109,3.62396e-05,510870
1.16013,800.211,-0.0350758,3.43323e-05,510873
1.16013,800.215,-0.0358009,2.57492e-05,510876
1.16014,800.219,-0.0358392,1.33514e-05,510879
1.16015,800.223,-0.0352208,9.53674e-06,510883
1.16016,800.228,-0.0339975,-7.62939e-06,510887
1.16017,800.234,-0.0321633,-2.28882e-05,510891
1.16018,800.239,-0.029811,-1.52588e-05,510895
1.16019,800.245,-0.0270379,-1.23978e-05,510900
1.1602,800.251,-0.0240546,-1.71661e-05,510904
1.16021,800.256,-0.0211205,-3.24249e-05,510908
1.16022,800.261,-0.0183013,-3.24249e-05,510912
1.16023,800.265,-0.0156848,-2.67029e-05,510915
1.16024,800.269,-0.0132346,-2.57492e-05,510918
1.16024,800.272,-0.0108591,-1.33514e-05,510920
1.16025,800.275,-0.00854,7.62939e-06,510923
1.16025,800.277,-0.00617987,2.86102e-05,510924
1.16025,800.278,-0.0036954,3.05176e-05,510925
1.16026,800.279,-0.00121367,2.19345e-05,510925
1.16004,800.206,-0.0081548,-8.29697e-05,510868
1.16008,800.202,-0.0206585,-4.29153e-05,510865
1.16009,800.198,-0.0261481,-2.47955e-05,510862
1.1601,800.199,-0.0292578,-1.23978e-05,510864
1.16011,800.202,-0.0315487,7.62939e-06,510866
1.16012,800.205,-0.0334436,2.57492e-05,510868
1.16012,800.209,-0.0349148,2.95639e-05,510871
1.16013,800.212,-0.0360711,1.81198e-05,510874
1.16014,800.215,-0.0369159,2.86102e-06,510877
1.16014,800.219,-0.0371437,2.86102e-06,510879
1.16015,800.222,-0.0367127,-9.53674e-06,510882
1.16016,800.227,-0.0355406,-1.23978e-05,510886
1.16017,800.232,-0.0337363,-8.58307e-06,510889
1.16018,800.237,-0.031482,-5.72205e-06,510893
1.16019,800.242,-0.0287754,-3.8147e-06,510897
1.1602,800.248,-0.0257885,-2.38419e-05,510901
1.16021,800.253,-0.0227559,-3.91006e-05,510906
1.16022,800.258,-0.0197515,-5.43594e-05,510909
1.16023,800.262,-0.0169274,-4.00543e-05,510913
1.16023,800.266,-0.0142763,-2.86102e-05,510916
1.16024,800.27,-0.0117027,-1.04904e-05,510918
1.16024,800.272,-0.00917507,3.24249e-05,510920
1.16025,800.274,-0.00660099,6.96182e-05,510922
1.16025,800.275,-0.00394056,7.05719e-05,510923
1.16025,800.276,-0.00129497,5.62668e-05,510923
1.16004,800.211,-0.00857966,-7.24792e-05,510872
1.16008,800.206,-0.0216618,-4.57764e-05,510869
1.1601,800.201,-0.0273149,-3.05176e-05,510865
1.16011,800.202,-0.0304281,-2.19345e-05,510866
1.16012,800.204,-0.0326218,-1.90735e-06,510868
1.16012,800.207,-0.0343987,1.62125e-05,510870
1.16013,800.21,-0.0358911,1.33514e-05,510872
1.16013,800.213,-0.0370422,9.53674e-07,510875
1.16014,800.216,-0.0378204,-1.14441e-05,510877
1.16014,800.219,-0.0381448,-2.00272e-05,510879
1.16015,800.222,-0.0378177,-1.23978e-05,510882
1.16016,800.226,-0.0368279,-4.76837e-06,510885
1.16016,800.23,-0.0351918,-9.53674e-07,510888
1.16017,800.234,-0.0330257,9.53674e-07,510891
1.16018,800.239,-0.0304143,-1.43051e-05,510895
1.16019,800.245,-0.0275105,-3.8147e-05,510899
1.1602,800.25,-0.0243882,-5.24521e-05,510903
1.16021,800.255,-0.0212065,-3.62396e-05,510907
1.16022,800.26,-0.0181785,-2.76566e-05,510911
1.16023,800.263,-0.0153208,-1.81198e-05,510914
1.16023,800.267,-0.0125435,-4.76837e-06,510916
1.16024,800.269,-0.00980692,3.52859e-05,510918
1.16024,800.271,-0.00705026,6.96182e-05,510920
1.16024,800.273,-0.00421905,5.53131e-05,510921
1.16025,800.274,-0.00138913,3.8147e-05,510921
1.16004,800.215,-0.00896607,-4.48227e-05,510876
1.16008,800.21,-0.0226095,-4.19617e-05,510872
1.1601,800.204,-0.0284507,-2.86102e-05,510867
1.16011,800.204,-0.0315343,-1.23978e-05,510868
1.16012,800.206,-0.0336039,-6.67572e-06,510869
1.16013,800.209,-0.0353402,6.67572e-06,510872
1.16013,800.212,-0.0368173,-6.67572e-06,510874
1.16013,800.214,-0.0379079,-1.81198e-05,510876
1.16014,800.217,-0.0386,-1.90735e-05,510878
1.16014,800.219,-0.038905,-2.00272e-05,510880
1.16015,800.221,-0.0386898,-1.04904e-05,510881
1.16015,800.224,-0.0378549,0,510884
1.16016,800.228,-0.0364727,9.53674e-07,510886
1.16017,800.232,-0.0344688,-5.72205e-06,510890
1.16018,800.237,-0.0319799,-1.71661e-05,510893
1.16019,800.242,-0.0291852,-4.00543e-05,510897
1.1602,800.247,-0.0260187,-5.81741e-05,510901
1.16021,800.252,-0.0226504,-3.05176e-05,510905
1.16022,800.257,-0.0194202,-1.14441e-05,510908
1.16022,800.26,-0.0163744,1.90735e-06,510911
1.16023,800.264,-0.013454,3.8147e-06,510914
1.16024,800.267,-0.0105518,2.19345e-05,510916
1.16024,800.27,-0.0075953,3.62396e-05,510919
1.16024,800.272,-0.00455761,3.52859e-05,510920
1.16025,800.273,-0.00151127,2.38419e-05,510921
1.16004,800.22,-0.00930209,-2.67029e-05,510880
1.16008,800.214,-0.0234351,-2.76566e-05,510875
1.1601,800.207,-0.0294282,-9.53674e-06,510869
1.16012,800.206,-0.0325322,4.76837e-06,510869
1.16012,800.208,-0.0346413,3.8147e-06,510871
1.16013,800.211,-0.0362762,-9.53674e-07,510873
1.16013,800.213,-0.0376296,-3.52859e-05,510874
1.16014,800.215,-0.0386586,-3.71933e-05,510876
1.16014,800.217,-0.0392473,-2.67029e-05,510878
1.16014,800.219,-0.0395569,-1.33514e-05,510880
1.16015,800.221,-0.0394117,-1.04904e-05,510881
1.16015,800.223,-0.0386768,-9.53674e-06,510883
1.16016,800.226,-0.0374656,4.76837e-06,510885
1.16016,800.23,-0.035752,5.72205e-06,510888
1.16017,800.234,-0.0335246,-1.04904e-05,510891
1.16018,800.239,-0.0307904,-4.1008e-05,510895
1.16019,800.244,-0.0275802,-4.3869e-05,510898
1.1602,800.249,-0.0241108,-3.52859e-05,510902
1.16021,800.253,-0.0207277,-1.14441e-05,510906
1.16022,800.258,-0.0175833,5.72205e-06,510909
1.16023,800.262,-0.0145891,4.76837e-06,510912
1.16023,800.266,-0.0115583,-9.53674e-07,510915
1.16024,800.269,-0.00840541,-2.86102e-06,510918
1.16025,800.273,-0.00505852,1.71661e-05,510921
1.16025,800.274,-0.0016647,3.24249e-05,510922
1.16004,800.226,-0.00960354,3.8147e-06,510884
1.16009,800.218,-0.0241657,2.86102e-06,510878
1.16011,800.209,-0.0303291,1.62125e-05,510871
1.16012,800.208,-0.0334932,3.62396e-05,510870
1.16012,800.209,-0.0355897,3.05176e-05,510871
1.16013,800.211,-0.0371517,-2.09808e-05,510873
1.16013,800.213,-0.0384062,-5.72205e-05,510875
1.16014,800.215,-0.0393081,-7.24792e-05,510876
1.16014,800.217,-0.0398228,-5.34058e-05,510878
1.16014,800.219,-0.0401021,-2.28882e-05,510879
1.16015,800.22,-0.0399609,-8.58307e-06,510880
1.16015,800.222,-0.0393503,-1.23978e-05,510882
1.16015,800.225,-0.0382899,-3.8147e-06,510884
1.16016,800.228,-0.0367736,-9.53674e-07,510886
1.16017,800.232,-0.0347754,-1.23978e-05,510889
1.16017,800.236,-0.0321758,-2.09808e-05,510892
1.16018,800.24,-0.0290712,-2.00272e-05,510896
1.16019,800.245,-0.0256792,-1.33514e-05,510899
1.1602,800.25,-0.0222884,-9.53674e-06,510903
1.16021,800.255,-0.0191641,-4.76837e-06,510907
1.16023,800.261,-0.0163146,-1.23978e-05,510912
1.16024,800.268,-0.0136162,-1.14441e-05,510917
1.16026,800.275,-0.0104651,1.71661e-05,510923
1.16028,800.282,-0.00625352,5.05447e-05,510929
1.16029,800.287,-0.00193509,7.34329e-05,510933
1.16004,800.231,-0.00986285,5.72205e-05,510888
1.16009,800.223,-0.0248367,4.673e-05,510882
1.16011,800.211,-0.0312638,4.29153e-05,510872
1.16012,800.209,-0.034499,6.10352e-05,510870
1.16012,800.209,-0.0365241,3.91006e-05,510871
1.16012,800.211,-0.0379384,-3.05176e-05,510872
1.16013,800.212,-0.0390641,-6.10352e-05,510874
1.16013,800.214,-0.0398829,-8.10623e-05,510875
1.16013,800.215,-0.0403159,-6.10352e-05,510877
1.16014,800.217,-0.0405224,-3.05176e-05,510878
1.16014,800.218,-0.0404212,-1.23978e-05,510879
1.16014,800.22,-0.0399115,-1.43051e-05,510880
1.16015,800.222,-0.0389753,-1.90735e-05,510882
1.16015,800.225,-0.0375996,-1.71661e-05,510883
1.16016,800.228,-0.0357939,-2.00272e-05,510886
1.16016,800.231,-0.0334511,3.8147e-06,510889
1.16017,800.236,-0.0306297,9.53674e-06,510892
1.16018,800.24,-0.0275157,2.67029e-05,510896
1.16019,800.246,-0.0244288,2.47955e-05,510900
1.16021,800.254,-0.0218816,8.58307e-06,510907
1.16024,800.265,-0.0201262,-3.8147e-06,510915
1.16028,800.281,-0.0192398,2.95639e-05,510928
1.16034,800.303,-0.0174904,0.000162125,510946
1.16041,800.325,-0.0112378,0.000313759,510965
1.16045,800.341,-0.00314865,0.000394821,510978
1.16004,800.236,-0.00966194,7.24792e-05,510891
1.16008,800.224,-0.0244616,7.05719e-05,510882
1.16009,800.209,-0.0312125,5.81741e-05,510870
1.1601,800.204,-0.0348889,6.00815e-05,510867
1.1601,800.204,-0.0371649,3.62396e-05,510866
1.16011,800.204,-0.0386644,-1.33514e-05,510867
1.16011,800.205,-0.0396896,-4.95911e-05,510868
1.16011,800.207,-0.0403688,-5.43594e-05,510869
1.16011,800.208,-0.0407538,-4.3869e-05,510871
1.16012,800.209,-0.0409074,-2.67029e-05,510872
1.16012,800.211,-0.0408053,-5.72205e-06,510872
1.16012,800.212,-0.0403683,-4.76837e-06,510873
1.16012,800.213,-0.0395572,-1.81198e-05,510874
1.16013,800.216,-0.0383303,-2.57492e-05,510876
1.16013,800.219,-0.0367314,-1.81198e-05,510878
1.16014,800.222,-0.0347528,-3.8147e-06,510881
1.16015,800.226,-0.032432,2.47955e-05,510884
1.16016,800.231,-0.0300235,6.38962e-05,510888
1.16017,800.24,-0.0282249,7.05719e-05,510895
1.16021,800.257,-0.0281831,6.58035e-05,510908
1.16028,800.284,-0.0309496,8.4877e-05,510930
1.16041,800.333,-0.0374973,0.000270844,510970
1.16064,800.409,-0.0443519,0.000994682,511033
1.16093,800.498,-0.0326239,0.00257969,511108
1.16111,800.559,-0.00857731,0.00338173,511158
1.16003,800.23,-0.00705619,6.86646e-05,510887
1.16004,800.209,-0.0188066,6.48499e-05,510870
1.16003,800.187,-0.0281844,6.29425e-05,510852
1.16003,800.177,-0.0341317,4.3869e-05,510845
1.16003,800.174,-0.0370629,2.28882e-05,510843
1.16003,800.174,-0.0388461,-1.52588e-05,510843
1.16003,800.175,-0.0399924,-2.76566e-05,510844
1.16003,800.176,-0.0407213,-2.19345e-05,510844
1.16003,800.177,-0.0412033,-1.71661e-05,510845
1.16003,800.178,-0.0413478,-5.72205e-06,510846
1.16003,800.179,-0.0411476,5.72205e-06,510847
1.16004,800.18,-0.0407577,1.62125e-05,510847
1.16004,800.181,-0.0401157,-3.8147e-06,510848
1.16004,800.183,-0.0391176,-2.19345e-05,510850
1.16005,800.185,-0.0376701,-2.19345e-05,510851
1.16005,800.188,-0.0360754,-9.53674e-07,510853
1.16005,800.191,-0.0346118,3.43323e-05,510856
1.16007,800.198,-0.0337626,8.01086e-05,510861
1.1601,800.217,-0.0364229,0.000134468,510876
1.1602,800.26,-0.0458377,0.000204086,510910
1.16041,800.35,-0.0659894,0.000464439,510981
1.16084,800.521,-0.101616,0.00131798,511119
1.16166,800.776,-0.150637,0.00456429,511334
1.16284,801.146,-0.128101,0.00819588,511645
1.16369,801.408,-0.0366465,0.010397,511867
1.15998,800.163,-0.00271679,-6.48499e-05,510843
1.15981,800.098,-0.00739414,8.58307e-06,510789
1.15972,800.045,-0.0210714,4.1008e-05,510746
1.15969,800.024,-0.0305232,2.76566e-05,510728
1.15968,800.016,-0.0353705,-8.58307e-06,510723
1.15968,800.013,-0.0381677,-2.28882e-05,510721
1.15968,800.012,-0.0398095,-2.95639e-05,510721
1.15968,800.012,-0.0407004,-1.33514e-05,510721
1.15968,800.013,-0.0412276,-5.72205e-06,510721
1.15968,800.014,-0.0414676,-4.76837e-06,510722
1.15968,800.014,-0.041451,9.53674e-06,510722
1.15968,800.015,-0.0411316,2.09808e-05,510722
1.15968,800.016,-0.040418,1.52588e-05,510723
1.15968,800.017,-0.0391391,-1.23978e-05,510724
1.15969,800.018,-0.0374315,-1.71661e-05,510725
1.15968,800.017,-0.0352132,-2.86102e-06,510724
1.15967,800.018,-0.03395,2.38419e-05,510724
1.15967,800.025,-0.0389976,7.72476e-05,510729
1.15973,800.062,-0.0560331,0.000237465,510757
1.15999,800.177,-0.0985702,0.000652313,510848
1.16065,800.457,-0.181502,0.00183201,511071
1.16206,801.026,-0.330723,0.00610161,511528
1.16489,802.008,-0.58179,0.0109816,512342
1.16964,803.344,-0.655416,0.00379944,513522
1.17378,804.477,-0.318531,-0.0109196,514553
1.15895,799.009,-0.189921,-0.00419807,510135
1.15784,798.822,-0.0589709,-0.0011549,509952
1.15755,798.656,-0.0233289,-0.000103951,509818
1.15748,798.607,-0.0266643,-1.14441e-05,509778
1.15746,798.585,-0.0325341,-1.90735e-05,509761
1.15745,798.575,-0.0363774,-2.86102e-05,509754
1.15744,798.57,-0.0385174,-2.95639e-05,509750
1.15743,798.567,-0.0398848,-2.19345e-05,509748
1.15742,798.566,-0.0409294,-2.19345e-05,509747
1.15742,798.566,-0.0413489,-2.67029e-05,509747
1.15742,798.566,-0.0415648,-1.14441e-05,509747
1.15743,798.567,-0.0415381,1.14441e-05,509748
1.15743,798.57,-0.0404772,2.86102e-06,509750
1.15744,798.572,-0.038554,1.90735e-06,509751
1.15743,798.567,-0.0351037,3.14713e-05,509747
1.15739,798.55,-0.0272844,-1.33514e-05,509734
1.15731,798.53,-0.026657,-4.673e-05,509717
1.15718,798.499,-0.0490266,-0.000175476,509690
1.1572,798.537,-0.107155,-0.00032711,509716
1.15791,798.818,-0.251515,0.00229263,509941
1.15988,799.567,-0.552164,0.00710011,510543
1.1642,801.418,-1.13451,0.0112534,512012
1.17342,805.068,-2.30069,-0.0182638,515025
1.1913,809.852,-4.72514,-0.431976,519793
1.21091,814.219,-6.78107,-1.31675,525199
1.15116,790.726,-3.75918,-0.0391674,504691
1.14828,791.752,-0.735116,-0.00804138,505421
1.14809,791.893,-0.149995,-0.00177097,505522
1.14814,791.93,-0.0507274,-0.000365257,505549
1.14815,791.924,-0.0365889,-4.76837e-05,505544
1.14814,791.912,-0.0357765,9.53674e-07,505536
1.14814,791.906,-0.0364875,-1.81198e-05,505531
1.14813,791.901,-0.0380854,-3.14713e-05,505527
1.14812,791.899,-0.0397809,-2.76566e-05,505525
1.14811,791.897,-0.0407555,-5.53131e-05,505524
1.14811,791.897,-0.0411582,-3.71933e-05,505524
1.14811,791.898,-0.0409885,-2.47955e-05,505524
1.14812,791.899,-0.0394236,3.8147e-06,505525
1.14811,791.894,-0.0351303,0.000139236,505522
1.14807,791.87,-0.0235702,0.000249863,505503
1.14796,791.823,-0.00989146,-8.10623e-05,505466
1.14779,791.783,-0.029972,-3.71933e-05,505430
1.14769,791.791,-0.092892,-0.00347519,505432
1.14822,792.025,-0.249489,-0.00391483,505616
1.15016,792.754,-0.648629,0.0045414,506205
1.15501,794.819,-1.54868,0.0154209,507850
1.16656,800.059,-3.61921,-0.00917053,512032
1.19275,811.133,-8.9783,-0.226158,521340
1.24501,826.925,-25.2955,-1.45663,538243
1.34661,861.888,-82.9495,-7.15384,577032
1.1455,782.662,-5.66404,-0.0561237,499266
1.13984,785.189,-1.58804,-0.0228767,501148
1.13942,785.835,-0.459062,-0.00535583,501630
1.1397,786.108,-0.145822,-0.00119114,501837
1.13986,786.211,-0.0638582,-0.000134468,501915
1.13993,786.238,-0.0426669,4.76837e-05,501936
1.13995,786.243,-0.0381318,-1.14441e-05,501940
1.13995,786.244,-0.0380718,-1.33514e-05,501942
1.13995,786.243,-0.0386623,-4.3869e-05,501940
1.13994,786.24,-0.0396723,-4.95911e-05,501939
1.13994,786.239,-0.0400416,-1.52588e-05,501937
1.13994,786.236,-0.0390182,-1.62125e-05,501936
1.13992,786.227,-0.0346772,8.01086e-05,501928
1.13987,786.199,-0.0217781,0.000374794,501906
1.13975,786.147,-0.00399299,1.90735e-05,501866
1.13959,786.106,-0.0162015,7.53403e-05,501830
1.13952,786.133,-0.0775862,-0.00370312,501845
1.14016,786.448,-0.249351,-0.00619698,502090
1.14233,787.33,-0.677078,-0.00011158,502797
1.1471,789.471,-1.68598,0.00368214,504495
1.15827,794.793,-4.08848,-0.020731,508713
1.18411,806.59,-9.77523,-0.115568,518369
1.23874,829.087,-24.6627,-0.399042,538378
1.34175,863.326,-62.575,-1.52881,575008
1.46121,904.414,-128.074,-5.24037,622705
1.1416,775.369,-6.31564,-0.0613585,494399
1.13246,778.975,-2.22686,-0.0372581,497110
1.13104,779.89,-0.800783,-0.00950718,497791
1.1313,780.328,-0.309542,-0.00230789,498122
1.13164,780.569,-0.131848,-0.000360489,498305
1.13182,780.671,-0.0680637,0.000144005,498384
1.13191,780.703,-0.0466849,4.57764e-05,498410
1.13194,780.72,-0.0406466,2.38419e-05,498423
1.13195,780.724,-0.0390275,1.90735e-06,498426
1.13195,780.723,-0.0386856,-4.76837e-06,498426
1.13194,780.72,-0.0375329,1.43051e-05,498424
1.13192,780.71,-0.0332878,8.10623e-05,498416
1.13187,780.681,-0.0208574,0.000348091,498394
1.13176,780.629,-0.00166821,7.53403e-05,498353
1.13161,780.585,-0.0100795,0.000191689,498315
1.13153,780.603,-0.0648748,-0.00316906,498324
1.1321,780.911,-0.236073,-0.00810242,498562
1.13424,781.81,-0.678156,-0.00266838,499278
1.1389,783.909,-1.69194,0.0029583,500941
1.14922,788.906,-4.06326,-0.0227318,504890
1.17189,799.651,-9.63054,-0.0786228,513560
1.22125,821.859,-22.4725,-0.236766,532316
1.31467,857.037,-51.8336,-0.627567,566212
1.4391,900.583,-100.91,-0.868147,613871
1.52589,928.779,-149.333,-1.99999,649255
1.13859,768.792,-6.54548,-0.0627928,490056
1.1259,773.068,-2.47871,-0.0432453,493294
1.12305,774.087,-1.0616,-0.0126801,494051
1.12297,774.569,-0.48459,-0.00346565,494414
1.12338,774.906,-0.2353,-0.000603676,494670
1.12369,775.094,-0.118172,0.000185966,494814
1.12386,775.175,-0.0686518,0.000200272,494878
1.12395,775.212,-0.0495055,9.53674e-05,494908
1.12398,775.229,-0.0414168,3.71933e-05,494921
1.12399,775.232,-0.0377082,5.62668e-05,494924
1.12398,775.227,-0.0332186,0.000117302,494919
1.12394,775.203,-0.0218828,0.000392914,494901
1.12385,775.159,-0.00284603,0.000193596,494866
1.12373,775.12,-0.00615049,0.000110626,494834
1.12364,775.12,-0.0535507,-0.00242329,494830
1.12407,775.375,-0.21503,-0.00832081,495025
1.12604,776.251,-0.642202,-0.00413609,495719
1.13033,778.152,-1.6048,0.00317764,497227
1.13952,782.6,-3.78393,-0.0146637,500738
1.15913,792.099,-8.70189,-0.0601397,508333
1.19966,810.952,-19.5565,-0.100318,523914
1.27927,845.218,-41.859,-0.218628,554135
1.40104,889.89,-82.8559,-0.239277,599711
1.50675,923.376,-128.603,0.00646782,640536
1.5584,939.771,-159.043,-0.0393066,662291
1.13583,762.549,-6.54149,-0.0619717,485953
1.11989,767.419,-2.43899,-0.0463219,489665
1.11558,768.507,-1.1336,-0.0152512,490479
1.11487,768.897,-0.636603,-0.00336647,490771
1.11515,769.231,-0.353848,-0.000415802,491023
1.11553,769.492,-0.193442,0.000209808,491223
1.11579,769.632,-0.10754,0.000347137,491331
1.11593,769.696,-0.0669511,0.000115395,491382
1.116,769.731,-0.0477125,4.57764e-05,491409
1.11602,769.742,-0.0374429,0.000184059,491418
1.116,769.73,-0.0264696,0.000436783,491408
1.11594,769.694,-0.00882124,0.000341415,491381
1.11586,769.665,-0.00692743,0.00025177,491357
1.11578,769.657,-0.0444389,-0.00208092,491347
1.11611,769.869,-0.18955,-0.00746155,491509
1.11783,770.677,-0.584203,-0.00469971,492145
1.12174,772.411,-1.46652,0.00193882,493522
1.12971,776.248,-3.39917,-0.00836658,496549
1.1465,784.477,-7.61933,-0.0444355,503094
1.18018,800.431,-16.6122,-0.079895,516112
1.24528,829.907,-34.9177,-0.114794,541263
1.35655,875.035,-69.3126,-0.196323,583407
1.47248,916.098,-112.358,0.4377,628416
1.54256,934.227,-144.581,0.319813,654956
1.57331,943.565,-163.613,0.14451,668028
1.13332,756.526,-6.47722,-0.0599871,482016
1.11441,761.876,-2.27392,-0.0487881,486124
1.10862,763.145,-1.05461,-0.0169802,487075
1.10716,763.407,-0.646466,-0.0039959,487267
1.10705,763.6,-0.453366,0.000416756,487412
1.10734,763.848,-0.286158,0.000573158,487599
1.10766,764.048,-0.165472,0.0002985,487753
1.10787,764.158,-0.0960768,8.86917e-05,487837
1.10798,764.209,-0.0593281,9.15527e-05,487878
1.10801,764.228,-0.0384802,0.000461578,487893
1.10798,764.208,-0.0197217,0.00067234,487878
1.10792,764.184,-0.0122716,0.000462532,487858
1.10784,764.169,-0.0400895,-0.00165844,487844
1.10809,764.341,-0.165287,-0.00680828,487973
1.10956,765.069,-0.521036,-0.0053196,488543
1.11311,766.651,-1.31661,0.00210381,489800
1.12004,769.97,-3.01534,-0.00236988,492420
1.1344,777.096,-6.63893,-0.0344143,498062
1.16256,790.586,-14.2175,-0.0680647,508980
1.2164,815.521,-29.649,-0.0813665,529900
1.31192,856.622,-58.6733,-0.197308,566717
1.43168,903.185,-98.2116,0.169966,612933
1.51824,929.292,-132.966,0.405754,645766
1.5599,938.127,-153.688,0.298986,661846
1.57741,943.265,-165.728,-0.0232716,669517
1.13107,750.621,-6.3282,-0.0572262,478186
1.1096,756.406,-1.9293,-0.0517693,482665
1.10222,757.993,-0.829821,-0.0183687,483838
1.09971,758.063,-0.560432,-0.00449181,483878
1.09914,758.107,-0.436623,0.000239372,483905
1.09915,758.212,-0.350253,0.00139427,483982
1.0994,758.391,-0.239122,0.000514984,484118
1.09966,758.55,-0.137806,-2.38419e-05,484240
1.09981,758.629,-0.0761728,0.000235558,484301
1.09986,758.654,-0.0425557,0.000756264,484320
1.09984,758.648,-0.0260967,0.000813484,484315
1.09979,758.643,-0.0420079,-0.00097847,484309
1.09997,758.786,-0.146,-0.00575256,484417
1.1012,759.409,-0.458118,-0.00610352,484903
1.10437,760.821,-1.16857,-0.000699043,486023
1.11042,763.692,-2.65287,0.000277519,488291
1.12267,769.763,-5.74402,-0.0216074,493086
1.14635,781.281,-12.0782,-0.0505152,502340
1.19094,802.279,-24.7115,-0.0678596,519729
1.26996,837.748,-48.3749,-0.055481,550616
1.38555,885.108,-85.1995,0.0149803,595303
1.48763,921.422,-122.237,0.23398,634570
1.54246,934.348,-145.587,0.348997,654725
1.5661,938.185,-158.709,0.182863,664326
1.57514,940.591,-166.578,-0.167953,668539
1.12908,744.774,-6.11061,-0.0527468,474413
1.10541,750.982,-1.42765,-0.054141,479258
1.09649,753.112,-0.39386,-0.0197439,480810
1.09255,752.898,-0.342134,-0.00523758,480616
1.09124,752.689,-0.352762,0.000242233,480445
1.09092,752.651,-0.3282,0.0015192,480411
1.09096,752.709,-0.274679,0.00101185,480455
1.09115,752.835,-0.187153,0.000389099,480550
1.09133,752.95,-0.102123,0.000372887,480638
1.09141,753.003,-0.0613941,0.000192642,480679
1.09146,753.04,-0.062241,-0.000687599,480706
1.09172,753.206,-0.144478,-0.00368595,480832
1.09285,753.781,-0.417046,-0.00550175,481281
1.09571,755.039,-1.03674,-0.0026865,482277
1.10104,757.522,-2.32161,0.000527382,484235
1.11148,762.674,-4.95563,-0.0144377,488296
1.13157,772.564,-10.256,-0.0411825,496192
1.16877,790.266,-20.6486,-0.0611372,510718
1.23434,820.235,-40.1259,-0.0772934,536356
1.33928,865.238,-73.4754,-0.0217266,577386
1.44927,908.908,-111.312,0.312767,620896
1.51977,929.479,-137.841,0.276213,646599
1.55285,935.057,-153.06,0.251818,658627
1.56548,936.033,-161.357,0.0563354,664202
1.57031,936.823,-166.582,-0.196121,666472
1.12728,738.912,-5.83641,-0.0454922,470649
1.10153,745.481,-0.807821,-0.053894,475806
1.09125,748.401,0.238927,-0.0216904,477913
1.086,748.044,0.0828678,-0.00650406,477589
1.08354,747.423,-0.144999,0.000364304,477090
1.08259,747.111,-0.24136,0.00204086,476842
1.08232,747.025,-0.246762,0.0014925,476772
1.08233,747.053,-0.210985,0.000915527,476793
1.08247,747.146,-0.155256,9.53674e-07,476863
1.0827,747.28,-0.125002,-0.00111008,476966
1.08317,747.528,-0.18171,-0.0025177,477158
1.08443,748.114,-0.412847,-0.00330925,477618
1.08715,749.308,-0.95167,-0.00262928,478565
1.09194,751.515,-2.05658,-3.14713e-05,480307
1.10089,755.895,-4.29619,-0.00841713,483756
1.11811,764.435,-8.77309,-0.0343866,490535
1.1497,779.622,-17.4815,-0.0600748,502878
1.20551,805.501,-33.9076,-0.0881882,524731
1.29698,845.562,-63.0499,-0.165169,560532
1.407,891.228,-99.7785,0.226679,604227
1.49052,921.046,-129.594,0.260698,636495
1.53531,931.62,-147.6,0.253706,652353
1.55405,933.068,-157.438,0.164434,659241
1.56061,932.223,-162.741,-0.0176258,662341
1.56345,932.15,-166.198,-0.179342,663566
1.12541,732.696,-5.56123,-0.0378704,466669
1.09758,739.633,-0.167435,-0.0542183,472140
1.08622,743.578,0.976917,-0.0262308,474963
1.08014,743.35,0.715222,-0.00782013,474714
1.07652,742.31,0.242495,0.0020237,473883
1.0747,741.624,-0.0424218,0.00344181,473341
1.07393,741.32,-0.167929,0.0021944,473099
1.07374,741.244,-0.201974,0.000663757,473038
1.07389,741.328,-0.214837,-0.000974655,473104
1.07448,741.612,-0.274816,-0.00194931,473326
1.07584,742.22,-0.463869,-0.00241756,473807
1.07839,743.326,-0.913059,-0.00186443,474686
1.08277,745.341,-1.85694,0.00141716,476279
1.0907,749.245,-3.76734,-0.00605202,479353
1.10566,756.748,-7.56141,-0.0284672,485294
1.13275,769.843,-14.9347,-0.0505495,495871
1.18071,792.332,-28.8744,-0.0656481,514612
1.2598,827.603,-53.744,-0.171251,545573
1.36576,872.126,-88.3318,0.0204582,587253
1.45763,907.647,-120.726,0.195337,623504
1.5126,925.517,-141.68,0.21546,644601
1.5391,930.324,-153.633,0.190424,654059
1.54948,929.246,-160.056,0.0959587,657698
1.55268,927.288,-163.423,-0.0381374,659157
1.5542,926.898,-165.563,-0.15383,659749
1.12287,725.203,-5.30146,-0.032198,461849
1.09306,732.759,0.431988,-0.0541525,467817
1.08114,738.301,1.72845,-0.0307932,471732
1.07464,738.509,1.43143,-0.0106068,471790
1.07037,737.295,0.75322,0.00439835,470822
1.068,736.342,0.252164,0.0060606,470072
1.06686,735.835,-0.0424737,0.00366783,469675
1.0665,735.651,-0.177885,0.000346184,469533
1.06672,735.765,-0.286388,-0.00239563,469622
1.06766,736.223,-0.492439,-0.0031147,469982
1.0698,737.202,-0.902521,-0.00252819,470756
1.07375,739.087,-1.7184,-0.00144291,472242
1.08087,742.644,-3.34238,-0.00487804,475043
1.09408,749.289,-6.54251,-0.0211287,480310
1.11766,760.745,-12.715,-0.0434875,489561
1.15913,780.237,-24.3438,-0.0578995,505742
1.22833,811.408,-45.2581,-0.0625181,532711
1.32914,853.93,-77.7701,-0.0618305,571850
1.42585,892.325,-111.504,0.0927792,609921
1.48766,915.497,-135.386,0.163645,634846
1.52049,925.246,-149.799,0.149632,647657
1.53426,925.985,-157.242,0.154419,652505
1.53912,923.397,-160.747,0.0815792,653901
1.53962,921.358,-162.627,-0.0492744,654290
1.53971,920.738,-164.394,-0.174824,654403
1.12297,719.448,-4.83225,-0.0262966,458166
1.09149,726.938,1.19112,-0.0535517,464146
1.0782,734.276,2.55176,-0.0352211,469448
1.07115,735.055,2.16738,-0.0145617,469938
1.06656,733.88,1.30626,0.00646019,468998
1.06385,732.748,0.600963,0.00892258,468115
1.06239,732.011,0.135763,0.00548649,467546
1.06191,731.725,-0.145926,0.000667572,467328
1.06234,731.971,-0.406563,-0.00384712,467519
1.06385,732.779,-0.835014,-0.00489902,468146
1.06714,734.44,-1.62256,-0.00397968,469448
1.07356,737.692,-3.09462,-0.00531006,472003
1.08541,743.572,-5.90288,-0.0150185,476669
1.10661,753.729,-11.2653,-0.0323391,484875
1.14382,771.105,-21.2751,-0.0476713,499278
1.20572,798.965,-39.1506,-0.0503035,523323
1.30109,839.023,-68.7076,-0.0799656,559928
1.3997,878.629,-101.772,0.0913887,598468
1.466,905.187,-127.813,0.17321,625749
1.50252,918.835,-144.291,0.115425,641072
1.51918,922.709,-153.093,0.0794888,647544
1.52333,919.932,-156.784,0.117706,648487
1.51985,915.814,-157.998,0.115295,647330
1.51188,911.631,-158.313,-0.0711823,644845
1.50394,907.867,-159.499,-0.546677,641991
1.13505,725.016,0.170237,-0.0277119,462469
1.10433,730.999,2.80442,-0.0345287,467023
1.08616,738.217,3.64937,-0.0247126,472185
1.07743,738.785,2.97667,-0.00866604,472484
1.07222,737.508,1.90869,0.00628376,471450
1.06905,736.182,0.995615,0.00784016,470413
1.06728,735.236,0.332888,0.00524712,469685
1.06682,734.936,-0.164599,0.0010891,469459
1.06779,735.464,-0.672448,-0.00257778,469869
1.07055,736.865,-1.50767,-0.00307369,470966
1.07633,739.703,-3.01703,-0.00255585,473193
1.08755,745.178,-5.77648,-0.00346375,477513
1.10813,755.063,-10.8933,-0.0113554,485447
1.14417,771.838,-20.3141,-0.0205488,499299
1.20408,798.516,-37.0855,-0.0185919,522282
1.29585,837.253,-64.7276,-0.0314407,557446
1.39223,876.404,-96.0999,-0.0334015,595188
1.45978,904.085,-123.079,0.0654869,623171
1.49661,919.313,-140.407,0.121634,639270
1.5134,924.864,-149.17,0.0577335,646290
1.5168,923.348,-152.394,0.02425,647072
1.50819,916.785,-152.822,0.0596924,643583
1.48334,904.152,-148.013,-0.00716209,634147
1.43334,881.442,-130.882,-0.516302,615076
1.34589,834.943,-73.0666,-1.55042,574492
1.14668,732.362,7.17581,-0.0396214,467693
1.12084,738.88,5.62198,-0.0153465,472341
1.09962,745.799,5.25443,0.00249386,477312
1.08888,745.954,3.99855,0.0038681,477284
1.08271,744.405,2.5878,0.00662231,476029
1.07888,742.758,1.40427,0.00569153,474743
1.07685,741.595,0.491854,0.00414562,473854
1.07682,741.512,-0.312784,0.00331116,473798
1.07916,742.744,-1.29583,0.00409889,474760
1.0847,745.501,-2.9582,0.00395203,476929
1.09575,750.896,-5.92709,0.00482178,481206
1.11643,760.862,-11.3041,0.00566196,489197
1.15286,777.925,-21.0155,0.00311947,503229
1.21297,804.586,-37.8782,0.0154676,526194
1.30239,842.069,-64.8229,0.0735893,560375
1.39518,880.087,-95.6715,-0.0538101,596918
1.45894,907.375,-121.743,-0.0185928,623976
1.49422,922.592,-137.761,0.0631123,639546
1.51019,928.526,-145.476,0.0532265,646354
1.513,927.688,-148.181,-0.0751648,647048
1.50191,920.474,-147.037,-0.119375,641994
1.46811,903.739,-139.369,-0.0522823,628308
1.40156,872.955,-117.701,-0.288603,602189
1.2799,809.161,-68.8105,-0.97929,551607
1.10817,703.068,31.828,-5.2901,470995
1.15092,736.016,9.43548,-0.03969,469935
1.13272,745.092,8.52772,-0.00930214,476505
1.11334,753.27,7.30463,0.0180712,482516
1.10085,753.062,5.31259,0.0146122,482199
1.09336,751.006,3.40229,0.00763035,480544
1.08877,748.896,1.81155,0.00376987,478904
1.08686,747.772,0.476344,0.00278187,478048
1.08817,748.472,-0.785203,0.00773621,478596
1.0933,751.121,-2.61645,0.0118876,480672
1.10405,756.42,-5.8336,0.0113983,484867
1.1245,766.294,-11.4925,0.0115709,492810
1.16077,783.304,-21.4851,0.0167456,506843
1.2209,810.055,-38.4489,0.03619,529873
1.30873,846.973,-65.2148,0.107691,563455
1.39645,882.593,-95.3851,0.00761032,597840
1.45484,907.503,-119.542,-0.0466137,622552
1.48796,922.398,-134.565,0.021553,637423
1.50318,928.708,-141.584,0.0223789,644125
1.50626,928.798,-143.89,-0.103836,645140
1.49521,922.51,-141.836,-0.121811,640333
1.46024,905.67,-132.528,-0.0834637,625878
1.38954,873.649,-111.135,-0.307865,597894
1.27208,815.7,-70.6595,-0.246237,550761
1.1039,718.25,-8.06582,-0.555356,476599
0.948398,616.336,66.0327,-3.15431,403100
1.15494,740.592,10.1861,-0.0434761,472661
1.14274,750.761,10.2589,-0.0115061,480199
1.12801,760.905,9.48003,0.0324659,487825
1.11567,761.896,7.10669,0.0246687,488347
1.10651,759.083,4.45572,0.00749302,486093
1.10127,756.49,2.2505,0.00300121,484087
1.10011,755.762,0.264747,0.0046339,483539
1.10399,757.885,-1.89965,0.0139027,485198
1.11412,763.013,-5.28723,0.0199938,489260
1.13386,772.592,-11.2183,0.0171747,496971
1.16947,789.378,-21.4445,0.0190897,510794
1.22867,815.831,-38.436,0.045516,533567
1.31482,852.286,-64.9439,0.11857,566652
1.39891,886.403,-94.4411,0.0432854,599604
1.45374,909.587,-117.299,-0.0284328,622581
1.48437,923.623,-131.433,-0.0181217,636452
1.49866,930.063,-137.981,-0.00593376,642958
1.50163,930.591,-140.059,-0.100594,644061
1.49093,924.87,-137.624,-0.102053,639367
1.4585,909.672,-127.822,-0.0467491,625844
1.39171,879.221,-107.581,-0.131491,598956
1.283,828.689,-73.7819,-0.273405,556180
1.13139,747.306,-24.8993,0.00386429,493739
0.966858,643.191,30.3872,-0.163609,418301
0.85927,569.524,77.9825,-1.18632,366833
1.15788,745.57,10.3522,-0.0545502,475683
1.15086,755.673,10.6482,-0.0177565,483284
1.14101,767.122,10.617,0.0361061,491998
1.13108,771.069,8.97286,0.0374041,494742
1.12199,768.369,5.8,0.00818539,492572
1.11652,765.45,2.54248,0.000403404,490328
1.11732,765.805,-0.470411,0.00802326,490630
1.1258,770.334,-4.20526,0.0230999,494203
1.14434,779.523,-10.2977,0.0284958,501579
1.17833,795.637,-20.6853,0.0202026,514839
1.23557,821.425,-37.6762,0.0392494,536961
1.31958,857.147,-63.8976,0.117571,569301
1.4011,890.19,-92.8017,0.0646267,601176
1.45332,911.982,-114.771,0.0025444,622873
1.48219,925.313,-128.28,-0.0293198,635949
1.49552,931.677,-134.528,-0.0323372,642192
1.49835,932.511,-136.534,-0.102819,643368
1.4886,927.493,-134.176,-0.0918446,639070
1.45895,913.921,-124.728,-0.011694,626712
1.39944,886.858,-105.557,-0.026268,602449
1.30152,842.487,-75.9972,-0.249846,564037
1.16766,775.449,-35.5145,-0.145671,510656
1.015,684.43,12.4536,0.296624,444022
0.879616,594.151,52.8876,0.377342,381119
0.807347,542.79,82.7161,-0.144104,346366
1.16048,751.114,10.3317,-0.0678368,479137
1.15777,760.315,10.5081,-0.0256233,486126
1.15203,772.44,10.6041,0.0351095,495368
1.14563,779.586,9.68756,0.0481606,500619
1.139,778.218,6.70003,0.0172997,499521
1.13532,776.153,2.37309,-0.000816345,497965
1.14023,778.778,-2.23042,0.00844479,500060
1.15654,787.162,-8.5735,0.0288486,506774
1.18805,802.347,-19.0353,0.0291109,519234
1.24198,826.918,-36.0007,0.0329113,540212
1.32317,861.616,-61.9893,0.102743,571496
1.40292,893.95,-90.4685,0.0634346,602580
1.45376,914.81,-111.907,0.0204678,623461
1.48151,927.548,-125.03,-0.0199718,635972
1.49397,933.766,-131.182,-0.0383301,641974
1.49649,934.712,-133.258,-0.104506,643136
1.48766,930.255,-131.22,-0.0931015,639246
1.46108,918.28,-122.591,0.00287056,628172
1.40825,894.551,-104.934,0.0714359,606576
1.32199,855.913,-77.9907,-0.153669,572534
1.20324,798.744,-42.8321,-0.169605,525466
1.06321,721.906,-0.454407,0.0483131,467867
0.928256,634.541,38.1679,0.607376,406573
0.825881,563.916,65.6195,0.376087,358747
0.775617,526.68,85.0833,0.233682,334017
1.16306,756.957,10.0917,-0.0753345,482784
1.1638,764.977,10.0257,-0.035862,488961
1.16216,777.998,10.1355,0.0237284,498842
1.15974,787.559,9.34037,0.054493,506084
1.15786,788.683,6.41124,0.0401115,506995
1.15906,789.345,1.23743,0.00701046,507600
1.17152,795.94,-5.74422,0.00588322,512882
1.20017,810.091,-16.224,0.026289,524459
1.24961,832.945,-33.212,0.0383148,543910
1.32666,866.149,-59.0163,0.0887966,573680
1.40479,898.031,-87.3233,0.0440063,604110
1.45506,918.076,-108.742,0.0209656,624358
1.4822,930.311,-121.71,-0.0189648,636470
1.49405,936.429,-127.879,-0.0337734,642338
1.49627,937.443,-130.118,-0.0982647,643501
1.48821,933.368,-128.56,-0.0991974,639944
1.46449,922.786,-120.987,-0.00754547,630081
1.41761,901.881,-105.043,0.0926132,610852
1.34223,867.798,-80.3055,0.0282612,580545
1.23607,818.868,-48.5108,-0.173977,539112
1.10901,753.51,-11.5967,-0.205667,488060
0.980029,674.959,25.419,0.329284,432188
0.867821,599.039,54.133,0.558883,380824
0.791557,544.621,73.1985,0.333714,344616
0.755868,517.066,86.4471,0.192426,326524
1.16516,764.004,9.70338,-0.08881,487186
1.16971,770.43,9.10103,-0.0541363,492279
1.17283,784.157,8.98722,0.0105228,502812
1.17512,795.753,7.9657,0.0611734,511755
1.17972,800.437,4.73066,0.0636444,515521
1.18976,806.099,-1.79839,0.0174198,520116
1.21437,818.529,-12.3454,0.00225163,530307
1.26047,840.269,-28.9994,0.0363026,548693
1.33273,871.789,-54.7464,0.0869579,576801
1.40819,902.907,-83.3339,0.0231247,606286
1.4579,922.267,-105.126,0.0172901,625951
1.48466,933.868,-118.19,-0.0227947,637639
1.49585,939.769,-124.547,-0.0265369,643324
1.49771,940.787,-127.035,-0.0918827,644474
1.49038,937.071,-126.033,-0.104342,641270
1.46919,927.605,-119.607,-0.0237923,632462
1.42743,909.097,-105.453,0.0805664,615314
1.36073,878.946,-83.0024,0.0867214,588241
1.26665,836.049,-53.85,-0.0947552,551312
1.15082,779.209,-20.5326,-0.225358,505583
1.03032,711.822,14.1108,-0.0261879,455653
0.917739,638.229,43.7176,0.458133,405115
0.826626,574.841,64.4768,0.484598,363419
0.768778,532.161,77.9274,0.256104,335446
0.74288,510.984,87.2098,0.0913591,321649
1.16765,771.698,9.1912,-0.103254,492372
1.17646,777.217,7.67408,-0.0814171,496685
1.18508,791.214,6.98886,-0.002141,507507
1.19402,805.337,5.36594,0.0710793,518552
1.20692,814.625,0.826977,0.0818892,526083
1.23005,827.474,-8.1008,0.0310831,536593
1.27263,847.891,-23.8783,0.0109291,553838
1.34141,878.227,-49.1356,0.08741,580694
1.41497,908.98,-77.8932,0.016531,609544
1.46424,928.133,-100.354,0.0153694,628924
1.48996,938.874,-114.046,-0.0142326,639976
1.49999,944.105,-120.981,-0.0205212,645176
1.50102,944.867,-123.902,-0.0794754,646125
1.49423,941.532,-123.555,-0.117332,643295
1.47515,932.896,-118.309,-0.0438557,635352
1.4378,916.358,-105.977,0.0602779,620001
1.3782,889.531,-85.8445,0.0981331,595713
1.29451,851.322,-59.0499,0.0115223,562425
1.18963,801.193,-28.4072,-0.113475,521152
1.07554,741.632,4.05565,-0.190582,475442
0.967691,676.134,33.8237,0.105775,428918
0.872378,611.341,56.3952,0.425133,385701
0.797733,558.357,71.4574,0.378479,351695
0.753111,523.935,81.0204,0.172007,329326
0.733809,506.998,87.6519,-0.0829887,318322
1.17216,780.002,8.59933,-0.104836,498091
1.18564,785.393,5.65831,-0.0924788,502270
1.20018,800.076,3.70242,-0.0176725,513659
1.21812,817.218,0.769321,0.0728836,527233
1.24298,833.109,-6.05589,0.0944052,540281
1.28415,854.948,-19.2881,0.0477314,558540
1.35034,884.536,-42.656,0.0567207,584589
1.4231,915.313,-70.9346,0.0225067,613153
1.4737,935.124,-94.2731,0.0148792,632958
1.49916,945.609,-108.964,-0.00595093,643819
1.50792,949.951,-116.783,-0.0100117,648387
1.50702,949.958,-120.397,-0.0485783,648710
1.5002,946.899,-120.883,-0.123003,646135
1.48258,938.826,-116.906,-0.0771027,638830
1.44885,923.843,-106.367,0.0316505,624971
1.39521,899.773,-88.422,0.0876122,603055
1.32031,865.398,-63.8595,0.0724163,572851
1.22546,820.898,-35.3085,-0.0363922,535520
1.11782,766.67,-4.69895,-0.177891,492791
1.01333,708.257,24.2251,-0.0875797,449867
0.919493,647.702,48.073,0.209124,408218
0.838672,591.341,65.3272,0.362696,371508
0.777525,547.113,76.3652,0.302494,343684
0.743033,518.917,83.1984,0.0722189,325487
0.729122,505.317,88.1491,-0.281773,316688
1.17732,788.706,7.94385,-0.101972,504092
1.19801,795.331,2.82593,-0.0949717,509267
1.22082,811.788,-1.43502,-0.0245562,522101
1.25007,832.815,-6.87408,0.0727739,539122
1.292,857.789,-17.2803,0.107752,559889
1.35676,889.471,-37.1242,0.0581017,587283
1.4299,921.272,-63.5209,0.0219574,616409
1.48358,942.479,-87.4977,-0.000566483,637321
1.51089,953.684,-103.041,-0.00403786,648779
1.51969,957.862,-111.772,-0.00713348,653272
1.5175,956.999,-116.248,-0.0113697,652971
1.50956,953.528,-117.685,-0.0899982,650102
1.49242,945.758,-115.121,-0.100496,643171
1.46131,931.962,-106.501,-0.0125351,630493
1.41228,909.98,-90.8069,0.068716,610460
1.34392,878.79,-68.5125,0.0748405,582809
1.25769,838.487,-41.7723,0.00296402,548546
1.15825,789.244,-13.1153,-0.0748501,508959
1.05673,735.815,14.7108,-0.144521,468511
0.963774,680.425,39.2039,-0.00788307,429195
0.881876,625.102,58.2633,0.245026,392079
0.81353,576.507,71.5039,0.300395,361041
0.764098,539.366,79.6607,0.249815,338084
0.738753,516.72,84.9258,-0.0300455,323625
0.729507,506.25,89.0121,-0.392153,316959
1.18326,799.042,7.13275,-0.10994,511243
1.21533,808.023,-1.26116,-0.103261,518438
1.25019,827.567,-9.06391,-0.0243177,534011
1.29466,854.381,-18.5421,0.0807266,556166
1.35806,889.818,-34.2717,0.104589,586179
1.43211,924.984,-57.0975,0.0668678,617552
1.49003,949.393,-80.7082,-0.0257034,640874
1.52225,962.653,-96.7641,-0.0194378,654148
1.53369,967.985,-106.195,-0.012188,659672
1.53172,966.708,-111.379,0.00126266,659175
1.52285,962.089,-113.78,-0.0507374,655572
1.50625,954.42,-112.704,-0.0959682,648913
1.47669,941.338,-105.959,-0.0288887,637020
1.43099,920.914,-92.4087,0.047966,618440
1.36776,892.177,-72.3183,0.066412,592831
1.28846,855.264,-47.8473,0.0373936,561112
1.19625,810.375,-21.0635,0.00553989,524380
1.09851,759.906,5.84888,-0.130559,485291
1.00596,708.831,30.4623,-0.117733,447958
0.923971,657.109,50.817,0.0639753,412227
0.8526,607.447,65.9737,0.2334,379644
0.795853,566.214,76.0937,0.291188,353793
0.757769,535.305,82.2104,0.200014,335016
0.740068,517.392,86.5048,-0.123971,323759
0.734402,509.159,89.9166,-0.575344,318635
1.19134,811.21,5.51667,-0.125535,519820
1.23874,823.602,-7.26565,-0.112529,529983
1.29018,847.899,-20.252,-0.0191402,549997
1.35324,881.951,-34.8508,0.0823555,578761
1.4271,922.022,-53.8683,0.123257,613459
1.48764,951.81,-75.5258,0.0304832,640581
1.52476,967.397,-91.6505,-0.0245628,655854
1.54205,975.26,-101.285,-0.0209427,663617
1.5448,976.388,-106.406,0.00250244,665138
1.53819,972.502,-109.154,-0.0234394,662263
1.52305,964.6,-109.207,-0.0922432,655720
1.49562,952.003,-104.417,-0.0522156,644550
1.45293,933.212,-93.2095,0.0382557,627494
1.39396,906.427,-75.6876,0.0564213,603618
1.32005,872.071,-53.2058,0.0546055,573873
1.23466,830.904,-27.6952,0.0213079,539686
1.14165,783.494,-1.45433,-0.0346613,502254
1.04878,734.083,22.9436,-0.118166,465196
0.96474,685.795,44.097,-0.0843687,430906
0.891932,637.681,61.0443,0.133388,398376
0.830825,594.222,73.0321,0.219105,370526
0.786878,561.137,80.4741,0.263449,350228
0.759315,536.407,84.2533,0.178282,335495
0.746898,520.496,86.2997,-0.115402,326092
0.745512,512.337,87.6149,-0.980362,321752
1.19616,818.208,-1.9905,-0.1011,525318
1.26021,834.638,-15.8131,-0.0862331,539277
1.33366,867.389,-34.113,-0.0130539,566951
1.40795,905.927,-52.8202,0.0611897,600168
1.47089,940.171,-71.1663,0.0800934,630474
1.51235,961.78,-86.409,0.0252686,650349
1.53415,971.716,-96.4341,-0.0126743,660064
1.5424,975.642,-101.77,-0.0105057,664028
1.54126,974.771,-104.466,-0.00129509,663665
1.53137,969.45,-104.966,-0.0218487,659352
1.50956,958.935,-102.021,-0.053278,650216
1.47196,942.046,-93.6173,-0.015419,635044
1.41791,918.007,-79.1224,0.0315228,613452
1.34936,886.389,-59.3398,0.0421047,585807
1.2703,848.671,-36.0146,0.0378723,553986
1.18358,805.123,-10.9731,0.0206261,518879
1.09336,757.632,13.3111,-0.026228,482379
1.00712,711.371,34.7972,-0.073947,448475
0.931147,666.227,52.8072,-0.0476799,417026
0.867049,622.499,66.775,0.0738602,387829
0.817577,586.376,75.998,0.159661,364975
0.786408,561.176,80.9513,0.183885,349922
0.769486,542.632,82.5923,0.128624,339531
0.771584,532.497,78.2031,-0.179706,335205
0.810041,547.47,48.381,-0.693572,348377
1.21102,832.01,-7.86981,-0.0721865,536319
1.29528,851.521,-30.1646,-0.0559139,553685
1.38051,888.584,-51.4681,-0.00736427,585709
1.4505,925.896,-69.0607,0.0348988,617976
1.49857,953.166,-83.1541,0.0399265,642264
1.52559,968.277,-93.1489,0.0182056,656253
1.53795,974.403,-98.8141,-0.00163651,662241
1.54088,975.637,-101.06,-0.00189018,663689
1.53614,973.089,-101.533,-0.00106812,661700
1.52116,965.578,-99.4939,-0.010891,655259
1.49123,951.577,-93.0277,-0.0171051,642824
1.44415,930.431,-81.1875,0.00194359,623862
1.38112,901.998,-64.2683,0.0228119,598718
1.3063,866.914,-43.4118,0.0266857,568689
1.22489,826.801,-20.2528,0.0243263,535736
1.13837,782.004,3.58586,0.0170164,500542
1.05203,735.707,25.5586,-0.0134315,465764
0.972829,692.91,44.2097,-0.0383644,435048
0.905087,650.75,59.4782,-0.0316753,406110
0.851268,612.877,70.7286,0.0287981,381104
0.815029,585.338,77.4307,0.0969763,363974
0.795242,567.009,79.9933,0.109213,353564
0.790701,554.205,78.1093,0.078557,347541
0.814914,555.449,65.7929,-0.141866,352193
0.878535,586.74,29.1195,-0.389026,378094
1.23397,852.662,-14.3492,-0.0462141,553071
1.33759,871.138,-45.4165,-0.0313492,570987
1.41657,905.041,-67.5965,-0.00238228,600827
1.47389,937.127,-81.7616,0.019825,628375
1.50968,958.622,-91.0604,0.0219555,647421
1.52785,969.406,-96.573,0.0125446,657434
1.53492,973.229,-98.7652,0.00321007,661152
1.53448,973.128,-99.2125,0.00193024,661256
1.52582,968.922,-97.5015,0.00121689,657633
1.50411,958.502,-92.2412,-0.000156403,648414
1.466,940.841,-82.2744,-0.000827789,632647
1.41106,915.929,-67.5356,0.00669289,610530
1.34176,884.239,-48.9768,0.0146713,582997
1.26351,846.502,-27.9128,0.0158501,551465
1.18048,804.373,-5.47107,0.015276,517703
1.09545,759.272,16.4146,0.0115824,483078
1.01376,715.116,35.8352,-0.00610065,450570
0.942197,675.56,52.1344,-0.0221367,422725
0.884271,637.509,65.1007,-0.0213413,396929
0.843441,607.747,73.6462,0.008461,377542
0.82016,588.812,77.0876,0.0483885,366075
0.810264,576.306,77.2019,0.0591106,359677
0.81842,568.452,71.5712,0.0376778,357802
0.864194,581.699,52.2231,-0.0829496,372209
0.925535,613.2,19.0139,-0.1978,398597
1.2588,877.67,-21.2435,-0.0295868,573508
1.37587,890.531,-60.0205,-0.0167236,588398
1.44116,917.316,-80.4254,0.00287247,612233
1.48495,943.051,-90.897,0.0137882,634019
1.51211,960.17,-96.0007,0.0140171,648984
1.525,968.251,-97.8883,0.009058,656454
1.52814,970.409,-97.9575,0.00391006,658545
1.52391,968.717,-96.4878,0.00304604,657104
1.50975,962.164,-92.008,0.00297546,651226
1.48086,948.566,-83.3719,0.00289154,639067
1.4355,927.494,-70.2613,0.00299644,620359
1.37482,899.614,-53.3027,0.00631714,595957
1.30198,865.64,-33.9218,0.00963783,567035
1.22199,826.033,-13.1524,0.00968742,534695
1.13845,782.371,8.19434,0.00891495,500506
1.05584,737.807,27.8671,0.00615406,466983
0.980346,697.106,44.557,-0.00521088,437556
0.918078,660.924,58.3831,-0.0146856,412478
0.871868,629.219,68.5788,-0.0142841,391197
0.843705,607.969,74.1115,0.00181198,377572
0.82974,594.959,75.6734,0.0251245,370043
0.829813,587.923,73.4888,0.0349283,367520
0.851489,585.6,63.6892,0.0298376,370415
0.907498,604.194,40.6488,-0.0344973,389845
0.961166,633.282,12.8362,-0.099618,414238
1.279,902.671,-26.4551,-0.0191135,594043
1.4005,906.031,-69.9786,-0.008358,602545
1.45723,927.062,-89.287,0.00550079,621093
1.48878,945.769,-97.4544,0.0111332,636808
1.50879,958.706,-99.182,0.0105896,647907
1.518,965.186,-97.9697,0.0068531,653672
1.51779,966.09,-96.2843,0.00358963,654520
1.50868,962.282,-92.5651,0.00289726,651091
1.48789,952.761,-85.042,0.00267792,642473
1.45219,936.032,-73.2464,0.00248909,627540
1.40112,912.109,-57.5899,0.00259972,606534
1.33675,882.115,-39.1812,0.0046196,580719
1.26267,846.603,-19.334,0.0062294,551153
1.18206,805.686,0.955947,0.00598621,518468
1.09946,761.565,20.4829,0.00474739,484622
1.02084,718.618,37.7734,0.00134373,452895
0.953037,681.964,52.1739,-0.00542545,426842
0.901089,649.76,63.6552,-0.0105591,404774
0.866652,625.258,71.0495,-0.00971794,388487
0.848935,611.328,73.6324,0.000432968,379776
0.843031,603.206,73.2771,0.0166464,375581
0.852613,600.704,68.7669,0.0281734,376466
0.888362,605.315,54.3978,0.0293617,385125
0.942774,622.895,31.0559,-0.00759315,404539
0.984846,646.466,9.11207,-0.0492058,424502
1.29295,925.184,-30.2601,-0.0122261,612827
1.41444,918.238,-76.7433,-0.00368881,613803
1.46586,933.874,-94.6242,0.00633621,627148
1.48782,946.034,-100.561,0.00951576,637313
1.50123,955.197,-100.015,0.00852776,644932
1.50756,960.624,-97.1602,0.00540733,649496
1.50363,960.145,-93.6107,0.00301933,648992
1.48849,953.632,-87.2144,0.00226593,643079
1.46081,940.906,-76.7516,0.00182724,631617
1.41921,921.313,-62.3042,0.00144958,614286
1.36413,895.171,-44.7899,0.00143051,591669
1.29789,863.85,-25.4951,0.00263214,565202
1.22381,827.242,-5.64072,0.00372696,535413
1.1441,785.711,13.9821,0.00344753,502935
1.0642,742.329,31.6294,0.0019083,470262
0.991491,702.574,46.2752,-0.00169945,441342
0.93296,670.079,58.2232,-0.00546932,418566
0.891848,643.06,66.9184,-0.00759697,400173
0.867917,625.74,71.4141,-0.00651741,388775
0.857532,616.683,72.4742,0.000944138,383369
0.859059,612.843,70.4344,0.0146608,382186
0.879211,614.766,62.8599,0.0261087,386609
0.924657,625.266,44.5771,0.0286636,400161
0.97198,639.412,22.654,0.00507927,417387
1.00163,655.773,6.52812,-0.0226421,431696
1.30056,943.176,-32.7361,-0.00757027,628293
1.42154,927.223,-80.4446,-0.00103378,622185
1.46879,937.759,-96.2832,0.00623512,630528
1.48396,945.033,-100.335,0.00808525,636485
1.4918,950.946,-99.2689,0.00689125,641199
1.49404,954.724,-95.5424,0.00434113,644138
1.48515,952.232,-89.6394,0.00242233,641698
1.46355,942.771,-80.4842,0.00152397,633138
1.42949,926.951,-67.428,0.000837326,619047
1.38318,904.897,-50.9593,0.000240326,599807
1.3256,877.124,-32.2427,0.000133514,576190
1.25896,844.996,-12.5312,0.00113392,549590
1.1855,807.697,7.1711,0.002038,519895
1.1085,766.495,25.6074,0.00167847,488324
1.03363,725.302,41.3202,-0.000303268,457810
0.96852,689.804,53.7824,-0.00303268,432346
0.919791,661.513,63.3743,-0.00504875,412714
0.888644,640.267,69.3003,-0.00526333,398312
0.873314,628.845,71.134,-0.00407124,390887
0.869208,623.758,70.6828,0.00244427,388194
0.878115,623.967,66.8072,0.01437,389960
0.910007,630.613,55.3806,0.0243244,398370
0.957929,643.354,35.8025,0.0253582,414062
0.994116,652.14,17.0126,0.0064764,427255
1.0146,662.97,4.84099,-0.0131569,437204
1.30475,957.394,-33.7687,-0.00433922,640790
1.42413,933.349,-81.4041,0.000556946,628173
1.46839,939.927,-95.9688,0.00551414,632357
1.47818,943.423,-98.9984,0.00634384,635003
1.48075,946.097,-97.6877,0.00534248,636917
1.47756,947.459,-92.8241,0.00343704,637552
1.46261,942.419,-84.3755,0.00188065,632724
1.43453,929.93,-72.5911,0.000795364,621534
1.395,911.302,-57.4251,-0.000139236,605190
1.34522,887.234,-39.575,-0.0007267,584553
1.28632,858.378,-20.2132,-0.000713348,560462
1.2203,825.672,-0.475283,0.000144958,533975
1.14861,788.347,18.912,0.000919342,504877
1.07588,748.613,36.0781,0.000524521,474992
1.00817,710.931,49.6279,-0.00144958,447496
0.952145,680.269,59.7635,-0.00339031,425749
0.913278,656.643,66.7321,-0.0042305,409432
0.890586,641.102,69.9762,-0.00375271,398915
0.881328,633.603,70.4046,-0.00210285,394158
0.883032,631.95,68.5453,0.00413322,393856
0.900965,637.111,62.1548,0.0140581,399274
0.94205,647.562,47.3272,0.0218668,411195
0.986804,657.919,28.1397,0.0207167,425536
1.01122,661.895,13.0854,0.00524044,434788
1.02521,668.879,3.71352,-0.00904179,441676
1.30633,967.997,-33.8679,-0.002285,650451
1.42256,937.054,-80.8242,0.000972748,631926
1.46391,940.033,-94.3863,0.00411224,632360
1.47045,941.072,-96.6896,0.0044632,632749
1.4683,940.802,-94.8755,0.00382423,632157
1.45836,938.839,-88.6029,0.00249863,629773
1.43658,930.888,-77.8223,0.0013485,622292
1.40237,915.462,-63.8023,0.000370026,608653
1.3584,894.394,-47.0821,-0.00043869,590484
1.30626,868.754,-28.4342,-0.000810623,568910
1.247,839.245,-8.9214,-0.000782967,544752
1.18196,805.956,10.7077,-0.000291824,518395
1.11367,769.579,29.1947,0.000174522,490598
1.04698,732.532,44.8656,-0.000255585,463204
0.987568,699.175,56.6519,-0.00182056,439197
0.941377,673.616,64.7404,-0.00319195,421247
0.911629,654.842,69.2037,-0.00332355,408300
0.896121,644.021,70.0169,-0.00254059,400964
0.891756,639.796,69.2118,-0.000466347,398459
0.899302,641.469,65.8495,0.00550079,400534
0.92711,652.002,56.5492,0.0136118,410001
0.972308,663.904,39.3066,0.018549,423681
1.00937,669.018,21.6311,0.0150414,434462
1.02441,669.345,10.1346,0.00268173,440513
1.03403,673.841,2.90167,-0.00751591,445376
1.30517,975.078,-33.4786,-0.00114059,657292
1.41742,938.859,-78.9955,0.000850677,633844
1.45612,938.591,-91.5876,0.00273514,630949
1.46045,937.83,-93.4656,0.00296783,629622
1.4541,934.878,-90.7508,0.0026474,626751
1.43689,929.05,-82.904,0.00181198,620995
1.40775,917.856,-70.1995,0.00100708,610672
1.36806,899.731,-54.4133,0.000291824,594882
1.32061,876.642,-36.6771,-0.000385284,575324
1.26708,849.841,-17.7553,-0.000673294,553213
1.20818,819.857,1.59087,-0.000619888,529173
1.14473,786.425,20.7298,-0.000374794,503259
1.08096,751.647,38.0655,-0.000209808,477186
1.02182,718.342,51.9986,-0.000608444,452947
0.971897,690.18,61.9763,-0.00176144,432920
0.935853,669.817,68.0286,-0.00265312,418722
0.913945,655.812,70.2894,-0.00244617,409053
0.90388,648.347,69.7851,-0.00148487,404015
0.904075,646.974,67.7632,0.000758171,403497
0.919093,652.972,62.3267,0.00617504,408691
0.956741,668.586,49.8535,0.0125856,422118
0.999694,678.56,32.1632,0.0144863,435010
1.02607,677.273,16.9642,0.0101728,441228
1.03466,675.14,7.92167,0.000264168,444941
1.04114,677.891,2.2812,-0.00676632,448341
1.30178,979.501,-32.4893,-0.000553131,661935
1.40935,939.749,-76.0052,0.000623703,634728
1.44561,935.966,-87.6971,0.00163078,628490
1.44793,933.536,-89.3569,0.00173187,625530
1.43748,927.941,-85.6339,0.0016346,620427
1.41347,918.314,-75.9583,0.00131035,611430
1.3772,903.728,-61.6383,0.000837326,598268
1.33262,883.141,-44.6484,0.000289917,580622
1.2826,858.45,-26.4069,-0.000217438,560086
1.22839,830.801,-7.58615,-0.000432014,537724
1.16999,800.24,11.4399,-0.000416756,513736
1.1094,767.599,29.6198,-0.000329018,488926
1.05134,735.164,45.4897,-0.000291824,465040
1.00038,706.112,57.8172,-0.00069046,444205
0.960449,683.62,66.0745,-0.00149536,428394
0.934311,668.351,70.2943,-0.00195503,417817
0.919554,658.693,70.6632,-0.00157928,411132
0.913567,653.882,69.1599,-0.00048542,407930
0.91856,655.323,65.8657,0.00173473,409408
0.941905,666.076,58.0526,0.00621796,418094
0.986945,685.111,42.7754,0.0104017,434381
1.02407,691.614,25.4539,0.0103474,445201
1.03907,683.907,13.467,0.00609398,446705
1.04283,679.797,6.32469,-0.00135899,448471
1.04697,681.25,1.83514,-0.00615025,450759
1.29682,982.039,-31.0061,-0.000200272,664809
1.39872,939.669,-72.1089,0.000385284,634606
1.43298,932.481,-83.0548,0.000898361,625316
1.43333,928.371,-84.3612,0.00097847,620661
1.41825,919.79,-79.5196,0.000997543,613062
1.38797,906.518,-68.1564,0.000898361,601050
1.34574,888.861,-52.4149,0.000692368,585418
1.2971,866.119,-34.7089,0.000314713,566240
1.24522,840.206,-16.4216,-4.48227e-05,545082
1.19064,811.797,2.0135,-0.00019455,522562
1.13332,780.996,20.4152,-0.00022316,498872
1.07663,749.736,37.448,-0.000212669,475555
1.02533,720.486,51.6355,-0.000246048,454366
0.983104,696.196,62.1785,-0.000605583,437174
0.953248,679.453,68.6909,-0.00110722,425535
0.93583,668.93,71.2765,-0.00132084,418291
0.926859,662.626,70.7921,-0.000909805,413958
0.924881,660.386,68.2861,0.000277519,412557
0.936115,665.443,63.1642,0.00246143,416618
0.968415,681.233,52.4969,0.00564766,429082
1.01484,699.893,36.0909,0.00802135,445563
1.04325,701.595,20.6703,0.00731373,453137
1.04956,689.427,10.9466,0.00298882,451261
1.04959,683.677,5.17365,-0.00268269,451392
1.05194,684.114,1.51019,-0.00555038,452793
1.29044,982.856,-29.1973,-4.00543e-05,666075
1.38611,938.744,-67.624,0.000209808,633631
1.41853,928.254,-77.8643,0.000490189,621544
1.41684,922.392,-78.6021,0.00056076,615106
1.39672,910.511,-72.4646,0.000589371,604782
1.36074,893.72,-59.6522,0.000572205,589967
1.31374,873.413,-42.8911,0.000522614,572292
1.26198,848.967,-24.8843,0.000324249,551993
1.2088,822.048,-6.86819,0.000125885,530421
1.1542,793.007,11.093,-2.67029e-05,507852
1.09925,762.759,28.4119,-8.58307e-05,485028
1.04765,733.67,43.8129,-9.34601e-05,463695
1.00354,708.078,56.1696,-0.000152588,445410
0.970252,688.784,64.8643,-0.000437737,431913
0.949708,677.04,69.8388,-0.000734329,423857
0.939486,670.719,71.3072,-0.000731468,419572
0.935186,667.311,70.3712,-0.000359535,417300
0.937989,667.888,67.0094,0.00078392,417918
0.956601,677.182,59.8204,0.00251293,425059
0.996897,697.339,46.5187,0.00463295,440911
1.04021,713.16,30.2173,0.00556374,455747
1.05869,709.423,17.2083,0.00496292,459456
1.05821,694.058,9.22797,0.00125408,455087
1.05551,687.069,4.43751,-0.00309277,453934
1.05652,686.732,1.31021,-0.00493908,454651
1.28314,982.367,-27.1891,2.47955e-05,666063
1.37203,937.13,-62.7008,0.00018692,631971
1.40225,923.192,-72.1488,0.000305176,617119
1.39857,915.601,-72.1798,0.000291824,608904
1.37347,900.351,-64.6975,0.000318527,595819
1.33231,880.131,-50.6685,0.000375748,578371
1.28151,857.569,-33.2908,0.000394821,559038
1.22741,831.781,-15.3048,0.000299454,537973
1.17351,804.041,2.27585,0.000182152,516154
1.12001,774.975,19.3809,8.10623e-05,493985
1.06844,745.934,35.2711,2.67029e-05,472448
1.02256,719.564,48.852,-2.86102e-06,453391
0.98621,698.209,59.3705,-6.86646e-05,438323
0.961912,684.009,66.375,-0.000255585,428520
0.949058,676.325,69.8227,-0.000378609,423325
0.94396,672.995,70.7422,-0.000320435,421165
0.944233,672.494,69.4687,0.000115395,420989
0.953435,676.765,65.0591,0.00116158,424282
0.980221,690.632,55.679,0.00240135,434813
1.02512,712.981,40.433,0.00352573,452557
1.0621,724.471,25.0099,0.00380421,464537
1.07122,715.554,14.5306,0.00323868,464479
1.06553,697.966,8.03862,0.000219345,458329
1.06093,690.156,3.97957,-0.00305939,456248
1.06099,689.254,1.19638,-0.00427628,456453
1.27523,980.914,-24.9708,5.14984e-05,665146
1.35705,935.1,-57.2667,0.000200272,629900
1.38436,917.362,-65.9044,0.000247955,612107
1.37876,908.055,-65.1909,0.000240326,602138
1.34897,889.512,-56.4334,0.000263214,586370
1.30306,865.929,-41.415,0.000310898,566423
1.24895,841.257,-23.6698,0.000331879,545638
1.19351,814.568,-5.96658,0.000267982,524187
1.13999,786.551,11.045,0.000197411,502546
1.08868,758.095,27.019,0.000130653,481221
1.04136,730.896,41.2427,9.72748e-05,461359
1.00174,707.794,52.9294,6.10352e-05,444880
0.973289,690.868,61.5959,2.86102e-06,433077
0.95696,681.053,67.0187,-8.4877e-05,426403
0.950331,676.915,69.4154,-0.000109673,423710
0.949188,675.851,69.7108,-2.47955e-05,423152
0.954128,678.142,67.9175,0.000370026,425000
0.971125,686.93,62.1558,0.00121593,431593
1.00692,705.726,50.4243,0.00215721,445856
1.05137,727.172,34.9071,0.00258827,463285
1.08003,733.524,21.3503,0.0025816,471686
1.08188,720.621,12.6515,0.00194836,468686
1.07207,701.42,7.20547,-0.000470161,461202
1.06608,693.034,3.67014,-0.00285435,458413
1.06542,691.724,1.12358,-0.00353622,458237
1.26701,978.691,-22.5208,0.000118256,663412
1.34119,932.535,-51.4076,0.000217438,627338
1.36512,910.853,-59.1983,0.000259399,606606
1.35769,899.863,-57.77,0.000236511,594917
1.32347,878.101,-47.8611,0.000261307,576558
1.27308,851.165,-31.9937,0.000295639,554187
1.21644,824.61,-14.1074,0.000285149,532226
1.16088,797.618,3.09878,0.000253677,510850
1.10892,770.004,19.0779,0.000204086,489884
1.06059,742.706,33.6951,0.000164986,469756
1.01819,717.948,46.1656,0.00014019,451915
0.985351,698.567,55.9234,0.000120163,438244
0.964503,685.781,62.7722,8.29697e-05,429430
0.954926,679.618,66.7664,7.05719e-05,425333
0.952686,678.106,68.5126,7.62939e-05,424499
0.955249,679.306,68.3669,0.000182152,425565
0.965679,684.752,65.6298,0.00050354,429692
0.99069,698.076,58.3233,0.00115204,439646
1.03395,720.938,44.8254,0.00179291,457106
1.07525,739.992,29.7595,0.00196552,473081
1.09494,740.886,18.6716,0.00186062,477564
1.09111,724.965,11.4608,0.00122738,472322
1.07815,704.596,6.75574,-0.000628471,463849
1.07116,695.831,3.54889,-0.00238132,460533
1.06999,694.235,1.11086,-0.00272179,460076
1.25796,975.126,-20.0286,0.000200272,660454
1.32435,929.341,-45.2921,0.000310898,624223
1.34501,903.908,-52.0106,0.000329971,600810
1.33567,891.145,-49.9628,0.00028801,587361
1.29732,866.271,-39.0145,0.000297546,566537
1.24289,835.966,-22.3907,0.000284195,541796
1.18499,808.141,-4.85993,0.000279427,519200
1.13047,781.531,11.3894,0.000245094,498400
1.08065,754.672,26.1921,0.000218391,478327
1.03606,729.119,39.2728,0.000188828,459757
0.999252,707.433,49.9023,0.000172615,444307
0.973239,691.646,57.7862,0.000163078,433277
0.958918,682.309,62.9946,0.0001688,426911
0.954702,679.346,65.9821,0.000171661,425074
0.955822,679.853,67.2025,0.000228882,425671
0.96234,683.358,66.5633,0.00031662,428403
0.979472,692.667,62.5595,0.000526428,435338
1.01306,710.728,53.2553,0.000951767,448844
1.05843,734.611,39.1071,0.00138187,467322
1.09391,749.732,25.7256,0.0014925,480622
1.10701,746.745,16.6844,0.00140476,482288
1.09901,728.701,10.7026,0.000804901,475460
1.08388,707.576,6.58785,-0.000570297,466334
1.07633,698.644,3.57629,-0.0017786,462683
1.0748,696.839,1.13655,-0.00197792,462015
1.24839,970.671,-17.4789,0.000349045,656736
1.3066,925.539,-38.9498,0.000419617,620628
1.32401,896.422,-44.54,0.000417709,594645
1.31294,881.991,-41.9337,0.000354767,579570
1.27106,854.276,-30.1049,0.00031662,556533
1.21372,820.805,-12.9802,0.000296593,529650
1.15546,792.224,3.95827,0.000272751,506825
1.10277,766.581,18.9763,0.000246048,487023
1.05569,740.945,32.3916,0.000216484,468116
1.01549,717.683,43.7957,0.000212669,451419
0.984645,699.257,52.6111,0.000204086,438422
0.965028,686.687,58.8211,0.000201225,429714
0.956223,680.547,62.6234,0.00020504,425598
0.955413,679.759,64.7201,0.000243187,425280
0.959637,682.033,65.5105,0.000291824,427142
0.971,688.323,64.1298,0.00033474,431890
0.995336,701.749,58.7241,0.000454903,441860
1.03638,723.928,47.5681,0.000720024,458526
1.08014,746.718,33.7018,0.00101852,476447
1.10835,757.125,22.4727,0.00110817,486401
1.11648,751.273,15.1276,0.00106144,485969
1.10567,731.9,10.1524,0.000553131,478146
1.0893,710.407,6.52213,-0.000421524,468681
1.08161,701.484,3.65588,-0.0012207,464871
1.07988,699.56,1.18035,-0.00137138,464070
1.23835,965.249,-14.8853,0.000356674,652187
1.28774,920.978,-32.5459,0.000387192,616502
1.30215,888.35,-36.9533,0.000404358,588090
1.2899,872.533,-33.7518,0.000350952,571672
1.24485,842.116,-21.1372,0.000314713,546563
1.18577,805.908,-3.84081,0.000292778,517913
1.12847,777.21,12.3286,0.00026226,495346
1.07817,752.892,25.9978,0.000244141,476788
1.0344,729.042,37.8723,0.000229836,459379
0.999217,708.655,47.5691,0.000208855,444890
0.974321,693.213,54.668,0.000208855,434096
0.960273,683.683,59.2815,0.000207901,427548
0.955845,680.328,61.9169,0.000211716,425383
0.957198,680.799,63.2835,0.000247955,425934
0.964388,684.749,63.4436,0.00028801,428992
0.981498,694.359,61.0138,0.00031662,436151
1.0132,711.957,54.063,0.000366211,449235
1.0582,736.509,41.7036,0.000488281,467822
1.09786,756.563,28.813,0.00069809,483922
1.11941,762.7,19.7421,0.000844002,490795
1.12386,754.748,13.816,0.000824928,488828
1.11132,734.645,9.67096,0.000449181,480452
1.09443,713.09,6.45898,-0.00026226,470889
1.08697,704.342,3.74353,-0.000834465,467087
1.08526,702.411,1.23018,-0.000945091,466251
1.22782,958.673,-12.2975,0.000303268,646705
1.26793,915.808,-26.1344,0.000328064,612028
1.28021,880.251,-29.3616,0.000324249,581451
1.26677,862.753,-25.4384,0.000335693,563660
1.21879,829.758,-12.1896,0.000313759,536608
1.15913,791.88,4.76188,0.000279427,506990
1.10381,763.253,19.8877,0.000259399,484828
1.05652,740.313,32.2673,0.00022316,467530
1.01691,719.245,42.5823,0.000199318,452272
0.987183,701.847,50.5451,0.000198364,440006
0.96782,689.17,55.9561,0.000189781,431207
0.958391,682.422,59.165,0.000179291,426616
0.956619,680.809,60.8975,0.00017643,425659
0.960048,682.456,61.6622,0.000212669,427035
0.970704,688.37,60.9258,0.00026226,431496
0.993897,701.475,57.13,0.00028801,441212
1.03287,723.201,48.4323,0.000304222,457411
1.07787,747.846,36.1183,0.000361443,476272
1.11166,764.09,24.8588,0.00053215,489694
1.12811,766.998,17.4509,0.000678062,494216
1.1298,757.467,12.6499,0.000662804,491104
1.11627,737.035,9.18114,0.000394821,482463
1.0994,715.673,6.33711,-0.000105858,472993
1.0924,707.209,3.75893,-0.000559807,469320
1.09086,705.366,1.25063,-0.000673294,468532
1.21665,950.786,-9.88625,0.000167847,640206
1.24861,910.569,-20.5227,0.00021553,607647
1.25838,872.16,-22.1358,0.000253677,574849
1.2428,852.256,-17.0547,0.000293732,555199
1.19232,816.991,-3.3108,0.000282288,526495
1.13319,778.46,12.9616,0.000246048,496661
1.08081,750.367,26.7861,0.000229836,475227
1.03754,729.211,37.6555,0.000206947,459449
1.00305,711.458,46.3261,0.000170708,446668
0.978762,696.762,52.7219,0.000154495,436378
0.964291,686.829,56.7589,0.000148773,429536
0.958578,682.537,58.8841,0.000130653,426671
0.958577,681.974,59.8561,0.000128746,426435
0.964155,684.813,59.8985,0.000160217,428650
0.979094,693.164,57.9688,0.000216484,434860
1.00843,709.697,52.6392,0.000261307,447114
1.05295,734.642,42.4716,0.000257492,465809
1.09584,758.063,30.6403,0.000315666,483949
1.12323,770.162,21.5725,0.00044632,494396
1.13557,770.517,15.5572,0.000564575,497054
1.13501,759.725,11.6047,0.000556946,493045
1.12091,739.216,8.65792,0.000370026,484308
1.10435,718.169,6.1204,-3.8147e-06,475018
1.09791,710.052,3.70748,-0.000370026,471553
1.09668,708.388,1.24652,-0.000484467,470891
1.20468,942.811,-7.61676,2.86102e-06,633624
1.22898,903.177,-15.4506,0.000114441,601658
1.23565,863.496,-15.4552,0.000212669,567837
1.21719,840.881,-9.00444,0.000258446,546132
1.16461,803.647,5.10117,0.000249863,516054
1.10686,765.177,20.2735,0.000218391,486536
1.05889,738.526,32.4693,0.000200272,466463
1.0209,719.659,41.9882,0.0001688,452546
0.992335,705.224,49.2973,0.0001297,442215
0.973369,693.204,54.2843,0.000105858,433851
0.963155,685.932,57.0894,0.000102043,428886
0.959962,683.362,58.3403,9.15527e-05,427226
0.961786,683.827,58.7189,8.86917e-05,427714
0.970227,688.224,57.8999,0.000121117,431040
0.990295,699.434,54.5666,0.000163078,439325
1.02629,719.516,47.3813,0.000206947,454245
1.07283,745.636,36.7109,0.000247955,473990
1.11135,766.362,26.2751,0.000308037,490282
1.13356,775.253,18.9172,0.000417709,498396
1.1426,773.652,13.9862,0.000477791,499619
1.14017,761.839,10.6635,0.000472069,494902
1.12569,741.359,8.09549,0.000326157,486141
1.10952,720.659,5.79546,2.47955e-05,477055
1.10369,712.897,3.54156,-0.000257492,473823
1.10284,711.451,1.20034,-0.000348091,473324
1.19183,934.225,-5.33043,-2.38419e-05,626589
1.2073,894.315,-10.516,8.10623e-05,594540
1.20938,853.248,-9.04913,0.000190735,559607
1.18748,827.548,-1.14642,0.000249863,535645
1.13456,789.234,12.8555,0.000237465,504936
1.08021,752.126,26.6371,0.000207901,476688
1.03858,727.746,37.1496,0.000175476,458540
1.007,711.539,45.3279,0.000126839,446712
0.984495,700.179,51.3653,9.63211e-05,438627
0.970528,691.038,55.2097,7.24792e-05,432311
0.964029,686.354,57.0137,6.38962e-05,429168
0.962883,685.015,57.6278,4.673e-05,428375
0.966949,686.67,57.3358,4.57764e-05,429715
0.97971,693.356,55.3882,6.10352e-05,434694
1.00586,707.711,50.4971,9.63211e-05,445312
1.04761,730.922,41.7211,0.000141144,462652
1.09261,756.226,31.33,0.000208855,481975
1.12493,773.278,22.613,0.000293732,495629
1.14276,779.632,16.6579,0.000376701,501875
1.14923,776.587,12.5908,0.000401497,502040
1.14535,763.911,9.71708,0.000382423,496753
1.13067,743.495,7.44677,0.000270844,487991
1.11489,723.183,5.36144,2.76566e-05,479126
1.10954,715.742,3.28407,-0.000181198,476099
1.10898,714.483,1.11253,-0.000232697,475738
1.17906,924.499,-2.96398,2.00272e-05,618705
1.18495,884.483,-5.36174,0.000108719,586774
1.18197,841.863,-2.18418,0.000192642,550698
1.15644,812.487,7.40051,0.000236511,524149
1.10644,774.957,20.899,0.000229836,494208
1.05807,740.954,32.8402,0.000208855,468446
1.02256,718.539,41.5914,0.000155449,451896
0.996846,705.046,48.2664,0.000109673,442111
0.979795,696.674,52.9335,7.53403e-05,436171
0.970241,690.474,55.5289,4.29153e-05,431903
0.966756,687.84,56.4972,3.52859e-05,430199
0.967813,687.841,56.4655,2.57492e-05,430360
0.975146,691.302,55.1842,5.72205e-06,433005
0.993244,700.9,51.6393,-9.53674e-07,440111
1.02557,718.374,44.8722,9.53674e-06,453090
1.06884,742.811,35.212,7.9155e-05,471474
1.10853,765.257,25.8006,0.000164986,488792
1.13492,778.639,18.9254,0.000260353,499765
1.14951,783.041,14.2693,0.000322342,504572
1.15431,778.986,11.019,0.000310898,504019
1.1494,765.614,8.58758,0.000287056,498307
1.13481,745.333,6.58741,0.000187874,489584
1.11944,725.534,4.7374,5.72205e-06,480990
1.1144,718.393,2.88977,-0.000151634,478132
1.114,717.268,0.974227,-0.00018692,477860
1.16996,915.654,-0.725396,9.25064e-05,611502
1.17136,877.619,0.0455453,0.000131607,581353
1.16523,833.674,5.61297,0.000192642,544688
1.13705,801.192,17.2138,0.000226021,516095
1.09049,765.407,30.1158,0.000213623,487440
1.04656,734.246,40.005,0.000185966,463794
1.01442,713.276,46.8249,0.000141144,448302
0.99195,701.457,51.5996,8.96454e-05,439701
0.978105,695.15,54.4109,5.24521e-05,435172
0.97142,691.056,55.5499,3.8147e-05,432305
0.969706,689.648,55.7268,1.43051e-05,431444
0.972395,690.767,54.8812,-2.86102e-06,432395
0.982754,696.163,52.1953,-2.09808e-05,436425
1.00479,708.195,46.6247,-3.33786e-05,445310
1.04061,727.92,37.5429,-1.23978e-05,459985
1.08172,751.232,27.3407,5.72205e-05,477640
1.11611,770.183,19.5209,0.000143051,492446
1.1394,781.37,14.6978,0.000242233,501831
1.15247,784.7,11.4896,0.00028038,505868
1.15657,780.158,9.1524,0.000247002,505000
1.15108,766.395,7.22833,0.000204086,499099
1.13676,746.318,5.52628,0.000119209,490435
1.12201,727.14,3.95661,-1.43051e-05,482166
1.1174,720.359,2.40531,-0.000134468,479511
1.11713,719.347,0.808378,-0.000179291,479309
